appointmentID,date,status,vetID,petID,createdAt,customerID
4400,2011-10-17 05:13:49,completed,1005,1015,2020-11-09 16:29:46,1068
3122,2000-11-16 20:23:57,completed,1005,1002,2021-03-04 07:28:42,1035
7097,2021-02-16 05:47:23,completed,1005,1084,2021-09-03 23:04:26,1000
1209,2002-07-21 11:31:17,not checked in,1006,1083,2021-09-24 08:32:41,1080
6363,2006-04-03 19:17:53,checked in,1001,1091,2020-12-28 17:19:37,1003
6092,2015-07-19 15:01:05,completed,1010,1094,2021-01-24 10:05:59,1084
2303,2003-06-08 20:17:54,not checked in,1002,1083,2021-10-22 12:33:42,1070
3805,2010-10-24 15:18:57,completed,1005,1024,2021-07-15 05:37:35,1015
8957,2017-07-02 22:41:56,not checked in,1010,1069,2021-07-28 20:54:15,1038
2437,2003-02-10 16:04:12,not checked in,1006,1000,2021-10-08 07:09:40,1014
7091,2011-12-25 20:12:53,not checked in,1003,1059,2021-02-15 11:43:39,1067
1284,2005-07-08 04:35:55,completed,1005,1050,2021-10-21 11:35:03,1097
3946,2009-11-24 16:33:52,checked in,1001,1015,2021-04-24 16:14:05,1043
7758,2005-01-20 18:59:45,not checked in,1007,1060,2021-10-17 02:07:09,1060
8736,2020-10-12 03:43:51,completed,1003,1071,2020-12-31 11:22:29,1065
5437,2002-03-19 23:45:35,completed,1000,1016,2021-04-28 20:07:14,1073
6041,2020-03-12 07:10:38,not checked in,1007,1017,2021-06-02 07:28:35,1078
6643,2021-09-04 13:49:47,checked in,1001,1072,2021-09-02 23:44:03,1041
3004,2021-05-21 00:29:38,not checked in,1010,1073,2021-08-06 11:56:47,1049
1331,2011-05-14 09:11:46,checked in,1010,1093,2021-02-01 00:58:04,1049
4991,2014-07-27 22:06:25,checked in,1010,1010,2020-12-31 22:30:14,1049
8542,2011-06-30 13:57:49,completed,1009,1095,2021-03-07 19:10:01,1048
9309,2005-04-08 17:16:21,checked in,1004,1024,2021-04-18 13:55:13,1059
5574,2018-05-04 15:23:50,not checked in,1007,1069,2021-11-05 08:03:42,1055
8193,2003-11-12 19:28:01,not checked in,1008,1049,2021-02-10 12:03:47,1086
1731,2001-12-02 22:18:42,completed,1008,1021,2021-06-04 14:09:46,1091
7298,2001-11-27 01:47:38,not checked in,1004,1049,2020-12-21 21:42:03,1037
2645,2008-04-30 10:42:25,not checked in,1008,1001,2021-06-27 12:06:10,1020
7838,2021-07-30 20:02:16,completed,1006,1096,2021-09-28 16:59:10,1033
9901,2018-03-31 21:29:49,not checked in,1007,1098,2020-11-16 04:56:31,1005
3063,2018-11-18 03:45:34,checked in,1000,1096,2021-01-21 11:49:06,1082
7386,2006-01-09 02:34:08,checked in,1009,1007,2021-09-18 04:16:19,1045
1960,2008-04-24 22:25:19,not checked in,1001,1045,2021-07-31 13:31:46,1062
9450,2015-12-16 12:31:06,checked in,1003,1071,2021-04-09 04:31:47,1062
7685,2017-05-19 10:38:07,checked in,1010,1044,2021-08-10 11:54:34,1072
7136,2014-02-28 19:05:00,checked in,1002,1006,2021-09-29 13:32:58,1082
1360,2008-11-25 17:07:07,completed,1007,1040,2020-11-12 06:33:50,1086
6393,2010-12-31 20:39:51,checked in,1001,1019,2021-09-11 12:15:32,1006
2834,2005-01-10 22:02:59,not checked in,1008,1012,2021-06-01 12:51:50,1094
6958,2007-09-22 20:01:08,completed,1009,1071,2021-01-23 03:35:09,1018
8184,2015-10-12 05:29:34,checked in,1006,1027,2021-10-03 12:40:32,1068
7144,2017-05-04 11:57:18,completed,1002,1070,2021-07-21 13:33:52,1036
6970,2015-11-21 04:55:39,checked in,1000,1091,2021-03-01 12:54:25,1017
1966,2019-09-17 18:29:58,completed,1004,1063,2021-09-10 08:56:51,1093
6599,2003-12-16 19:47:13,checked in,1004,1011,2021-04-18 19:17:38,1058
9890,2004-03-09 09:10:55,not checked in,1004,1064,2020-11-09 12:12:19,1007
6444,2021-10-03 19:50:29,checked in,1009,1063,2021-06-05 15:05:15,1003
4767,2021-02-23 19:42:33,not checked in,1000,1003,2021-08-22 14:39:16,1069
4037,2008-11-26 17:05:21,not checked in,1008,1053,2021-08-02 14:44:56,1100
2216,2003-04-20 15:59:21,checked in,1006,1078,2021-09-18 02:03:02,1098
6168,2017-04-26 12:27:28,completed,1007,1002,2021-01-14 23:03:26,1066
3728,2018-11-01 05:08:32,not checked in,1008,1009,2021-06-26 04:51:01,1077
7671,2003-04-11 10:49:30,completed,1003,1012,2021-04-04 11:46:46,1051
3673,2014-02-09 12:00:31,completed,1003,1099,2021-05-21 01:07:55,1044
5716,2002-10-08 09:04:34,completed,1000,1011,2020-12-16 13:36:39,1063
1841,2013-09-02 17:42:59,checked in,1004,1003,2020-12-08 00:04:16,1028
9334,2017-07-19 16:37:52,not checked in,1006,1001,2021-05-28 05:56:33,1009
3030,2001-05-19 14:15:54,completed,1001,1030,2021-10-23 19:41:53,1059
9509,2018-08-17 21:47:40,checked in,1000,1095,2021-08-08 07:26:59,1045
2768,2012-08-22 12:32:47,checked in,1006,1067,2021-01-28 02:39:11,1004
5117,2004-08-28 11:17:03,checked in,1006,1026,2021-06-21 02:42:01,1028
7557,2014-12-28 23:06:03,not checked in,1004,1095,2021-10-16 14:39:29,1046
5653,2002-03-08 21:41:06,completed,1007,1034,2021-08-13 14:19:42,1018
7308,2012-02-03 14:41:06,not checked in,1001,1097,2021-08-27 21:17:32,1010
2414,2001-11-29 20:57:00,checked in,1007,1049,2021-10-17 20:55:57,1018
3488,2013-12-03 22:53:29,completed,1001,1036,2021-05-02 04:00:50,1022
7318,2005-08-19 14:23:28,completed,1002,1095,2021-03-19 17:18:02,1038
1691,2014-05-17 11:21:42,completed,1004,1006,2021-10-01 11:56:09,1021
9274,2017-03-23 17:44:47,checked in,1009,1071,2021-08-14 23:31:22,1097
4663,2017-05-05 06:34:41,completed,1002,1097,2021-01-26 20:11:25,1099
4754,2004-02-16 04:13:13,checked in,1010,1030,2021-02-20 03:26:50,1063
9143,2018-06-27 01:11:42,completed,1006,1070,2021-06-22 16:58:26,1045
6464,2006-07-27 16:01:41,not checked in,1010,1068,2021-06-09 16:03:22,1063
8450,2014-06-05 21:40:04,checked in,1005,1060,2021-10-06 00:52:53,1033
2523,2015-02-01 15:48:37,completed,1006,1046,2021-06-25 14:56:20,1030
3312,2021-03-08 21:01:36,checked in,1007,1002,2021-05-19 12:39:40,1071
6093,2010-12-17 10:26:26,not checked in,1009,1020,2021-02-22 10:23:35,1080
6486,2010-01-07 23:23:29,not checked in,1010,1025,2021-10-25 06:54:58,1067
8533,2008-07-18 09:10:22,checked in,1004,1064,2021-01-19 14:43:25,1063
6676,2009-07-07 18:40:54,completed,1008,1082,2021-10-22 07:56:43,1002
1076,2005-10-07 15:01:52,not checked in,1008,1070,2021-10-14 20:30:18,1007
2157,2002-07-15 13:45:09,completed,1005,1046,2021-01-10 17:52:07,1089
7974,2010-08-30 04:31:52,checked in,1004,1060,2021-10-14 04:53:03,1006
4158,2004-05-05 15:38:05,not checked in,1005,1097,2021-05-02 16:43:03,1031
4695,2003-03-31 02:37:46,checked in,1000,1018,2021-07-21 20:28:20,1061
7979,2020-12-12 11:27:04,completed,1008,1013,2021-04-10 20:10:18,1062
7310,2017-06-03 12:08:31,completed,1009,1005,2021-04-15 12:06:16,1090
4380,2004-10-24 11:10:32,not checked in,1006,1065,2021-01-29 08:45:19,1079
4722,2005-08-05 00:13:09,completed,1007,1006,2021-10-25 15:23:11,1097
9638,2015-11-17 10:19:13,completed,1009,1002,2021-03-20 00:48:13,1087
6154,2021-02-18 14:35:00,completed,1002,1044,2021-11-05 03:03:00,1067
5561,2008-12-18 06:56:52,completed,1003,1040,2021-07-10 07:04:30,1096
2500,2014-04-02 19:42:57,not checked in,1000,1099,2021-01-20 17:56:56,1054
9082,2003-05-17 14:37:52,completed,1001,1093,2021-11-02 11:00:03,1069
8838,2016-12-19 15:00:39,checked in,1002,1008,2021-02-19 12:29:09,1019
9940,2003-05-03 13:44:10,checked in,1007,1003,2021-03-31 04:45:39,1093
4369,2019-06-04 10:54:12,checked in,1002,1061,2021-06-03 00:55:00,1004
9567,2020-09-21 09:43:35,completed,1005,1065,2021-03-22 09:02:30,1019
1582,2018-07-03 00:07:10,completed,1009,1100,2021-03-11 22:04:51,1069
5045,2009-01-16 10:46:54,checked in,1005,1020,2020-12-07 14:19:40,1074
5160,2003-08-13 14:20:37,completed,1007,1000,2021-07-02 23:33:00,1036
7284,2012-10-27 02:22:19,not checked in,1000,1073,2020-12-01 12:39:06,1024
7890,2014-02-28 21:02:09,not checked in,1006,1051,2020-12-23 16:25:32,1091
6968,2002-04-16 07:33:29,not checked in,1007,1012,2021-01-19 10:11:41,1012
1075,2008-07-18 23:54:36,not checked in,1008,1078,2021-09-28 13:01:19,1087
5213,2002-08-28 04:09:41,completed,1009,1053,2021-11-03 00:10:26,1039
8858,2012-12-23 21:20:40,completed,1010,1037,2020-12-09 01:19:49,1006
1104,2002-07-04 12:04:24,completed,1009,1043,2021-03-01 06:52:52,1080
7108,2012-08-08 08:44:22,not checked in,1010,1075,2021-09-06 13:31:42,1072
4532,2008-08-27 12:16:51,completed,1006,1061,2021-02-19 11:01:34,1052
6055,2003-09-01 07:29:26,checked in,1002,1078,2021-07-05 05:03:09,1088
6958,2013-01-21 06:13:17,checked in,1000,1081,2021-06-21 22:02:02,1078
3065,2020-11-15 15:51:16,not checked in,1002,1097,2021-03-01 12:11:07,1025
7503,2005-02-21 05:12:41,completed,1010,1029,2021-08-22 16:32:41,1014
2817,2018-07-25 22:08:29,checked in,1006,1073,2021-01-23 06:28:06,1098
7264,2007-11-03 12:36:24,checked in,1007,1021,2021-02-05 20:11:32,1096
2714,2011-09-29 14:15:13,not checked in,1009,1100,2021-06-16 17:02:41,1099
6754,2012-11-04 01:05:37,not checked in,1003,1001,2021-02-18 09:42:25,1022
2578,2017-02-22 05:35:16,completed,1002,1016,2021-09-09 17:10:53,1022
5159,2021-09-26 06:44:33,not checked in,1001,1063,2021-09-26 12:51:29,1009
9048,2003-04-27 13:15:58,checked in,1009,1011,2021-08-19 23:11:40,1066
6173,2013-10-29 09:48:07,not checked in,1004,1008,2021-02-04 22:12:57,1068
7398,2004-09-22 20:25:30,checked in,1002,1030,2021-08-22 00:26:09,1042
6452,2021-09-29 05:02:19,not checked in,1007,1036,2021-08-22 12:33:55,1076
7630,2009-09-23 13:11:26,not checked in,1005,1084,2020-12-14 04:04:46,1057
6752,2009-03-13 03:15:58,checked in,1006,1074,2021-10-30 17:04:34,1016
6330,2006-10-09 02:00:24,completed,1001,1040,2020-12-24 11:47:18,1076
9601,2009-11-26 04:16:40,not checked in,1002,1066,2021-01-08 21:22:43,1089
2919,2014-09-14 16:37:55,not checked in,1009,1065,2021-02-22 16:01:42,1020
7078,2012-07-17 03:37:45,completed,1004,1091,2021-01-06 13:02:00,1066
4895,2003-10-18 12:52:41,checked in,1008,1054,2021-05-31 22:34:00,1017
5324,2011-07-24 11:41:16,not checked in,1008,1053,2020-12-15 13:55:50,1043
1449,2011-10-25 02:17:04,not checked in,1006,1096,2021-09-22 08:31:37,1035
8868,2015-02-16 20:51:33,not checked in,1002,1072,2021-06-09 21:58:17,1062
1139,2016-03-18 17:42:30,completed,1008,1023,2021-03-17 20:20:45,1032
1262,2012-02-15 02:22:59,completed,1009,1059,2020-12-22 00:05:28,1056
7558,2014-03-03 09:28:22,completed,1002,1002,2021-05-12 15:09:57,1039
5073,2014-08-10 08:49:39,not checked in,1009,1063,2021-06-09 11:56:37,1044
3139,2020-11-13 17:50:22,completed,1005,1057,2021-10-15 10:21:26,1025
5409,2015-03-22 21:13:04,not checked in,1006,1083,2021-05-24 13:41:13,1043
5968,2004-04-14 20:51:06,not checked in,1001,1056,2021-05-18 07:44:11,1058
5354,2019-11-30 19:02:09,not checked in,1003,1100,2021-07-08 00:07:25,1090
8966,2010-07-03 07:52:46,completed,1010,1001,2021-01-18 14:18:45,1082
6045,2009-05-29 22:29:50,not checked in,1006,1009,2021-02-12 05:14:17,1037
2996,2014-10-23 19:12:52,checked in,1001,1085,2020-11-18 07:00:18,1069
8223,2012-05-30 18:51:50,not checked in,1009,1003,2021-06-07 06:34:48,1082
1964,2012-10-22 23:06:55,completed,1008,1055,2021-06-06 11:36:32,1032
1439,2019-01-26 14:27:20,checked in,1005,1036,2021-06-26 11:49:52,1005
4038,2016-07-17 02:20:38,not checked in,1004,1088,2021-06-28 19:46:17,1038
9161,2006-02-10 09:22:50,checked in,1008,1015,2021-08-25 16:15:20,1085
4085,2018-07-02 22:07:52,not checked in,1007,1100,2021-06-22 07:10:57,1029
4701,2016-09-29 12:42:26,checked in,1006,1019,2020-11-11 14:59:56,1094
5397,2015-06-05 07:29:01,checked in,1004,1050,2021-05-13 14:51:13,1080
2883,2005-07-09 13:45:04,completed,1009,1097,2021-07-11 02:21:22,1000
1665,2005-04-21 09:15:22,checked in,1002,1072,2021-02-09 16:33:05,1015
4466,2018-08-21 10:36:25,checked in,1006,1036,2021-09-27 11:03:13,1091
2962,2016-06-17 13:38:28,not checked in,1009,1025,2021-10-02 06:16:06,1062
3224,2004-01-15 05:49:59,not checked in,1009,1063,2020-12-30 21:59:26,1040
4460,2013-06-25 20:52:48,completed,1007,1084,2021-02-05 23:22:58,1014
9180,2008-05-06 07:42:00,not checked in,1005,1036,2020-12-03 10:22:55,1015
5468,2009-11-11 12:25:58,not checked in,1008,1056,2021-03-17 19:55:42,1058
7479,2016-08-09 17:29:25,not checked in,1001,1036,2021-05-17 07:20:34,1059
8412,2009-04-29 00:16:16,not checked in,1008,1061,2021-04-26 13:41:18,1007
5304,2016-12-06 01:49:24,checked in,1008,1079,2021-05-16 08:26:27,1097
5001,2001-07-29 23:35:41,completed,1004,1083,2021-08-06 09:16:35,1074
5073,2005-03-05 04:15:19,completed,1010,1009,2021-10-07 13:26:02,1052
3888,2017-04-16 04:06:24,not checked in,1000,1006,2021-01-05 15:53:24,1014
9773,2001-12-30 13:22:48,checked in,1000,1059,2021-08-14 21:40:50,1007
8265,2012-08-29 12:46:16,not checked in,1005,1089,2021-06-15 14:32:46,1061
3686,2005-04-06 08:48:11,checked in,1005,1091,2021-05-29 18:26:04,1042
6588,2013-10-21 04:09:46,checked in,1009,1045,2021-01-02 07:13:55,1093
1559,2008-10-20 23:48:51,checked in,1008,1081,2021-03-05 08:07:20,1066
5893,2004-03-21 16:10:25,completed,1008,1054,2021-02-06 04:38:17,1023
1361,2018-12-02 01:47:39,checked in,1006,1064,2021-06-18 10:00:29,1082
3268,2009-09-07 06:43:43,checked in,1009,1049,2021-03-29 04:02:58,1097
6874,2004-12-10 02:41:05,checked in,1004,1026,2021-10-19 12:40:28,1083
4030,2011-12-18 04:48:08,completed,1009,1067,2021-10-10 04:06:30,1080
7543,2008-05-05 02:26:40,checked in,1005,1087,2021-10-13 16:48:50,1060
5355,2005-09-05 19:11:24,checked in,1008,1066,2020-11-27 11:02:07,1066
9029,2018-06-23 11:22:23,completed,1001,1018,2020-11-22 11:41:47,1078
9741,2011-12-03 16:47:42,completed,1000,1003,2020-11-15 22:31:29,1051
6135,2021-03-09 00:50:28,completed,1003,1016,2020-11-08 12:51:03,1028
8572,2006-05-28 07:04:26,checked in,1006,1024,2021-03-02 09:44:00,1082
9242,2003-05-16 07:20:14,checked in,1001,1056,2021-09-14 10:51:14,1092
9946,2004-04-05 20:35:00,checked in,1009,1017,2021-03-05 17:47:49,1009
8145,2011-02-02 07:19:49,checked in,1006,1056,2021-07-18 00:15:19,1080
3589,2012-10-11 17:08:05,not checked in,1010,1015,2021-08-05 20:15:52,1060
4205,2001-03-14 23:08:13,not checked in,1010,1072,2021-07-07 13:58:46,1097
1870,2018-09-15 09:26:54,checked in,1010,1063,2021-01-06 06:05:34,1028
3885,2010-10-12 07:33:09,not checked in,1005,1084,2021-05-15 11:15:59,1001
2988,2004-03-31 12:30:55,not checked in,1008,1072,2020-11-28 01:00:46,1097
8641,2009-10-13 20:20:49,checked in,1000,1098,2021-04-03 17:24:28,1007
7189,2017-06-20 06:55:01,checked in,1003,1082,2021-08-11 22:53:52,1058
7675,2008-03-04 10:45:18,not checked in,1004,1099,2020-12-24 03:48:26,1083
2262,2017-07-07 11:59:09,completed,1004,1019,2020-11-10 23:06:36,1088
3698,2011-10-19 03:16:54,not checked in,1004,1011,2020-11-17 18:46:13,1014
6756,2018-09-02 21:38:28,completed,1007,1027,2021-02-18 03:36:45,1046
7990,2020-11-23 18:16:39,checked in,1006,1025,2020-12-05 01:22:43,1040
6654,2017-03-10 17:19:52,checked in,1007,1011,2021-06-23 02:48:19,1004
6214,2007-02-03 01:24:35,completed,1006,1034,2021-09-30 02:40:56,1041
3299,2003-09-29 04:40:30,not checked in,1005,1082,2021-09-14 20:03:13,1062
3984,2013-02-13 00:34:39,not checked in,1007,1087,2021-05-14 13:41:55,1004
7750,2010-12-28 04:58:07,checked in,1002,1056,2021-10-25 21:03:04,1033
2476,2001-06-24 10:07:31,completed,1003,1092,2021-09-20 02:13:44,1097
5834,2020-05-24 06:13:05,completed,1009,1046,2021-04-11 15:58:43,1013
8511,2010-01-18 12:29:35,not checked in,1009,1047,2021-05-28 05:51:54,1006
5380,2013-12-16 11:38:15,not checked in,1003,1064,2021-08-29 04:53:08,1045
2130,2012-04-27 23:49:08,not checked in,1003,1020,2021-09-22 20:26:32,1093
5698,2007-05-17 20:34:25,completed,1000,1014,2021-10-17 07:08:48,1052
7084,2003-02-16 22:31:05,completed,1005,1018,2021-09-19 23:23:35,1076
4170,2014-01-15 00:48:33,completed,1006,1079,2021-03-10 19:35:51,1006
6270,2018-03-31 15:24:13,checked in,1008,1075,2021-01-22 02:49:42,1014
2489,2021-10-14 00:40:18,completed,1004,1079,2021-01-08 00:35:55,1057
6165,2006-11-02 12:06:07,completed,1005,1002,2021-05-06 02:02:01,1091
4783,2011-01-10 02:28:59,not checked in,1009,1025,2021-10-14 18:03:08,1028
8619,2003-10-06 04:00:33,completed,1001,1069,2021-07-02 00:08:18,1032
9501,2002-01-07 05:49:14,checked in,1008,1011,2021-05-02 20:58:08,1028
9466,2005-09-20 01:28:03,not checked in,1003,1071,2021-10-06 19:07:31,1077
3208,2014-06-18 10:39:57,checked in,1009,1009,2021-10-23 10:36:16,1034
8177,2015-08-07 20:27:28,completed,1001,1044,2021-01-18 00:53:42,1014
9796,2007-04-07 11:05:27,checked in,1005,1074,2021-07-15 02:25:01,1048
8252,2014-07-08 15:26:29,checked in,1003,1090,2021-01-30 12:24:53,1060
7551,2018-01-27 06:41:16,checked in,1005,1055,2021-09-18 10:11:47,1066
2255,2013-10-14 22:20:27,completed,1003,1074,2021-02-27 07:35:40,1094
5761,2010-05-16 12:34:30,checked in,1005,1059,2021-06-03 17:21:23,1094
7771,2011-01-27 03:08:30,checked in,1010,1048,2020-12-12 20:54:21,1010
5803,2014-04-17 12:55:56,completed,1006,1032,2021-08-09 11:39:35,1074
1958,2015-11-02 21:34:07,checked in,1004,1075,2021-06-06 17:36:36,1070
3161,2006-03-17 10:05:01,checked in,1004,1098,2021-01-05 04:22:36,1080
9429,2013-06-13 01:43:43,checked in,1005,1012,2021-04-16 11:15:39,1051
8317,2020-04-22 22:48:09,not checked in,1004,1013,2021-10-10 14:55:36,1090
8684,2006-12-13 23:41:19,completed,1000,1047,2020-11-16 01:18:38,1079
5597,2003-09-27 13:00:23,completed,1008,1092,2021-03-04 00:07:34,1041
9150,2018-10-21 22:26:59,checked in,1007,1020,2020-12-10 19:10:02,1030
9972,2017-07-15 02:25:01,not checked in,1005,1040,2020-12-18 01:51:00,1069
3757,2020-01-11 13:40:35,completed,1001,1002,2021-02-21 19:23:05,1010
5552,2001-02-24 03:13:39,completed,1000,1006,2021-03-01 02:25:55,1049
8604,2012-09-29 11:13:34,not checked in,1003,1093,2021-09-05 10:36:28,1042
2718,2016-06-21 17:44:56,checked in,1009,1091,2021-05-19 14:10:43,1064
7055,2001-01-06 18:17:36,completed,1002,1005,2020-12-23 00:53:45,1013
9171,2016-04-12 20:59:51,checked in,1002,1068,2021-07-18 19:44:52,1020
3276,2021-06-12 14:37:22,not checked in,1005,1088,2021-10-22 15:51:13,1054
7207,2005-02-14 15:20:53,checked in,1010,1020,2021-09-02 08:36:11,1062
9207,2016-03-26 16:14:05,not checked in,1001,1031,2021-07-16 01:49:21,1069
1835,2005-08-19 13:05:49,checked in,1001,1066,2021-08-22 20:40:46,1007
2202,2001-06-12 00:51:54,not checked in,1009,1074,2021-04-29 21:57:47,1017
1996,2020-02-07 07:52:40,completed,1007,1073,2021-08-26 04:19:03,1085
9765,2021-04-01 16:47:00,not checked in,1006,1099,2021-08-22 22:21:02,1051
5437,2005-10-27 12:42:26,not checked in,1004,1040,2021-09-03 10:47:54,1015
4033,2010-06-21 18:34:57,not checked in,1005,1096,2021-10-29 17:44:52,1089
8799,2007-04-23 12:18:45,not checked in,1008,1031,2020-12-19 21:10:55,1097
8736,2021-05-09 17:11:33,not checked in,1003,1074,2021-03-20 08:40:25,1075
3329,2016-03-25 22:16:30,completed,1010,1078,2021-05-08 06:33:25,1096
6409,2013-05-15 11:00:42,completed,1006,1082,2021-07-21 23:16:40,1038
5323,2019-08-09 10:18:55,not checked in,1007,1068,2021-10-16 22:46:35,1033
9185,2020-06-16 05:28:08,completed,1003,1100,2021-10-30 22:51:41,1011
9503,2006-11-05 02:24:55,checked in,1005,1003,2020-11-11 01:12:32,1037
2679,2009-08-28 00:28:09,not checked in,1002,1052,2021-03-20 10:23:34,1006
8155,2013-01-12 02:02:51,checked in,1007,1002,2021-01-08 06:28:22,1082
6801,2009-07-01 06:10:39,checked in,1000,1053,2021-05-19 19:35:40,1048
6906,2012-09-18 04:07:55,not checked in,1009,1093,2020-12-17 01:39:04,1000
6408,2020-10-12 12:28:44,completed,1004,1015,2021-09-01 13:50:22,1077
4642,2009-04-23 20:59:53,not checked in,1000,1019,2020-12-23 15:56:52,1025
4997,2014-04-04 12:06:02,completed,1008,1095,2021-05-08 12:18:30,1000
9192,2008-12-02 22:42:16,checked in,1002,1051,2021-05-14 06:20:04,1083
6498,2005-10-09 22:12:14,completed,1005,1048,2021-03-09 07:52:22,1017
6575,2001-10-03 17:00:08,checked in,1002,1093,2020-12-08 00:42:13,1041
9201,2014-05-20 13:10:35,checked in,1008,1026,2021-09-07 17:46:29,1079
2869,2010-09-22 03:04:40,not checked in,1004,1023,2021-01-13 02:51:49,1065
8050,2021-02-20 05:12:56,not checked in,1004,1036,2021-06-21 07:59:31,1043
7997,2009-11-21 20:05:42,checked in,1006,1045,2021-11-06 01:09:59,1039
2055,2021-07-12 03:53:13,not checked in,1001,1045,2021-01-06 08:38:28,1002
5556,2018-12-07 08:46:04,completed,1002,1010,2021-03-16 20:15:56,1008
9530,2008-07-16 05:14:34,not checked in,1006,1006,2020-11-27 03:46:42,1043
5157,2011-06-22 19:11:57,not checked in,1001,1029,2021-10-31 20:48:52,1079
3369,2004-12-10 11:13:16,not checked in,1000,1081,2021-02-06 12:07:45,1042
4485,2018-06-07 14:17:33,not checked in,1002,1034,2021-03-27 08:00:28,1072
9440,2003-05-24 13:02:35,not checked in,1008,1025,2021-10-12 20:00:59,1044
6814,2004-08-16 05:08:23,checked in,1006,1004,2021-08-09 16:20:46,1040
9177,2013-06-19 09:26:11,completed,1010,1010,2021-01-12 16:41:37,1038
8920,2001-06-02 13:52:15,not checked in,1001,1079,2021-04-15 05:57:07,1003
5329,2007-10-20 12:26:31,not checked in,1010,1092,2020-12-25 02:49:21,1066
3994,2003-02-06 01:38:01,checked in,1007,1072,2021-09-03 11:05:35,1021
3644,2009-03-08 02:17:09,not checked in,1000,1020,2021-04-27 03:37:32,1082
9610,2013-07-05 17:10:07,not checked in,1002,1094,2021-05-12 15:48:32,1029
3440,2017-02-26 05:14:39,not checked in,1009,1004,2020-11-22 10:14:36,1019
4199,2013-05-05 03:42:53,checked in,1002,1081,2021-07-08 05:55:51,1065
8197,2019-05-20 01:49:56,checked in,1000,1032,2021-01-09 05:20:16,1023
6954,2006-07-12 01:46:10,completed,1000,1092,2021-01-04 17:58:08,1041
6449,2002-03-04 00:27:06,checked in,1003,1025,2020-12-02 20:34:48,1068
6836,2016-05-09 00:00:27,checked in,1009,1004,2021-09-29 19:18:21,1021
6343,2018-12-18 09:49:04,completed,1000,1063,2020-12-21 21:34:19,1059
2104,2008-05-10 08:54:19,checked in,1000,1041,2021-08-26 23:16:12,1000
8603,2014-05-15 09:01:19,not checked in,1009,1030,2021-10-05 19:47:59,1093
6200,2010-08-27 01:37:37,checked in,1007,1099,2021-09-25 15:42:20,1100
3694,2019-07-19 13:05:14,not checked in,1010,1003,2021-05-28 18:52:04,1044
7757,2019-10-06 20:42:30,not checked in,1010,1058,2021-02-17 19:15:26,1087
7008,2002-08-19 05:13:03,completed,1003,1094,2021-10-27 16:34:17,1077
9418,2001-08-12 04:07:01,completed,1002,1023,2021-04-05 14:15:33,1029
4327,2009-07-17 15:05:49,completed,1008,1057,2021-04-19 22:33:30,1035
7147,2014-01-24 01:00:35,completed,1003,1067,2021-10-18 15:14:29,1078
4385,2021-10-08 16:13:31,checked in,1008,1074,2021-05-20 23:10:12,1095
7870,2015-12-14 06:28:18,not checked in,1002,1046,2021-06-16 17:27:45,1050
9086,2003-11-19 19:14:08,checked in,1005,1058,2020-12-01 08:01:52,1098
4514,2014-10-28 09:48:31,not checked in,1010,1054,2021-10-11 17:04:09,1066
9829,2014-08-31 21:40:49,checked in,1009,1084,2021-03-25 12:01:12,1007
6377,2008-11-16 16:21:42,not checked in,1007,1061,2021-05-03 22:08:03,1028
3797,2001-07-20 20:04:13,checked in,1000,1098,2020-12-09 20:07:43,1012
6900,2015-12-11 10:24:57,completed,1004,1086,2020-11-11 05:25:32,1004
7657,2020-02-28 20:42:29,completed,1006,1043,2021-08-11 08:57:21,1014
3198,2010-05-15 04:55:46,completed,1000,1043,2021-02-28 06:33:17,1029
5647,2000-12-29 11:29:56,checked in,1001,1056,2021-09-01 13:03:35,1065
8642,2018-08-05 21:02:50,completed,1003,1055,2021-10-04 23:28:18,1042
1240,2009-02-16 22:14:28,checked in,1006,1008,2021-03-14 17:45:51,1058
1178,2006-04-02 01:52:36,completed,1000,1050,2021-09-29 06:44:08,1010
3570,2018-05-19 17:41:54,not checked in,1008,1038,2021-01-08 13:04:07,1040
3884,2001-09-12 22:58:44,not checked in,1003,1054,2021-05-08 14:42:54,1081
9511,2004-05-05 00:30:52,not checked in,1002,1035,2020-12-15 08:07:39,1024
7294,2011-11-17 18:38:17,completed,1002,1068,2021-02-20 09:07:23,1011
2668,2007-04-03 02:29:04,completed,1008,1005,2021-01-16 17:02:21,1067
2832,2019-11-29 22:19:59,completed,1001,1005,2020-12-02 02:05:49,1027
5924,2008-08-15 15:57:07,checked in,1009,1048,2021-01-29 03:12:51,1058
8849,2018-01-03 18:43:19,not checked in,1000,1025,2021-10-06 05:23:15,1000
9398,2018-08-30 07:41:32,not checked in,1009,1005,2021-09-08 23:19:58,1002
2257,2008-02-21 01:10:07,checked in,1003,1028,2021-05-29 22:53:43,1004
5189,2018-05-14 10:07:43,completed,1003,1073,2021-02-14 09:12:41,1048
9266,2020-04-26 11:08:35,checked in,1003,1009,2021-09-06 04:54:48,1091
5652,2002-04-14 03:30:55,not checked in,1001,1038,2021-02-25 20:57:04,1098
1710,2001-05-28 12:26:44,checked in,1001,1094,2020-11-07 23:23:54,1051
6489,2015-11-05 06:38:35,checked in,1008,1097,2021-04-02 02:21:05,1088
5260,2009-04-13 09:36:59,completed,1006,1092,2021-08-31 19:43:29,1098
9567,2021-06-08 01:40:40,not checked in,1001,1036,2021-04-05 08:30:50,1001
7321,2010-05-15 04:40:04,checked in,1004,1077,2021-11-03 18:00:13,1075
2253,2016-02-09 06:30:13,not checked in,1007,1011,2021-01-19 05:54:07,1070
6177,2019-07-11 07:40:32,checked in,1002,1010,2021-10-26 10:56:01,1089
8323,2009-02-25 23:41:30,checked in,1004,1004,2021-05-07 17:54:45,1069
5825,2012-03-27 02:50:22,not checked in,1001,1061,2021-08-31 21:22:30,1025
6653,2004-10-15 20:26:20,checked in,1010,1056,2021-07-05 21:32:17,1069
3678,2005-04-05 07:03:51,completed,1000,1045,2021-02-17 08:51:26,1086
7410,2014-01-18 20:28:43,completed,1005,1013,2021-07-30 19:41:12,1016
5435,2018-07-18 04:14:12,checked in,1007,1089,2021-01-19 06:43:08,1075
1010,2015-09-01 02:05:00,checked in,1010,1070,2021-02-23 16:02:27,1095
6072,2010-03-04 15:08:24,not checked in,1004,1046,2021-03-08 06:34:30,1025
1960,2019-08-06 09:35:31,checked in,1010,1056,2021-01-07 08:57:29,1074
3773,2017-10-04 14:09:26,completed,1007,1033,2021-07-24 14:18:18,1023
8060,2010-06-22 16:36:41,not checked in,1004,1100,2021-08-31 08:34:08,1091
8951,2014-03-04 16:08:24,completed,1002,1042,2021-08-24 14:24:39,1007
3853,2008-10-02 01:40:26,not checked in,1000,1097,2021-05-24 07:01:12,1088
1255,2005-12-18 08:04:45,not checked in,1007,1022,2021-01-25 23:33:40,1073
8994,2008-02-21 15:44:51,not checked in,1006,1090,2020-12-12 23:52:34,1011
5420,2006-07-19 07:06:11,not checked in,1003,1062,2020-11-26 07:34:44,1043
7961,2001-10-01 19:47:16,checked in,1000,1032,2021-06-26 04:13:07,1050
3015,2004-05-09 02:02:59,completed,1008,1019,2021-03-03 11:09:37,1076
2768,2009-01-18 05:10:44,completed,1010,1013,2020-11-22 15:50:17,1057
8190,2013-08-16 17:00:46,completed,1004,1040,2021-07-12 09:01:12,1021
4463,2002-12-21 13:13:34,completed,1008,1017,2020-11-29 09:31:12,1088
7978,2003-03-10 22:59:50,checked in,1009,1021,2021-07-27 05:18:49,1098
3046,2010-06-15 01:54:14,not checked in,1008,1049,2021-01-08 20:08:29,1024
9256,2001-10-08 15:59:03,completed,1001,1082,2021-09-08 05:57:34,1039
3110,2020-10-30 11:17:22,not checked in,1005,1002,2021-07-14 09:07:14,1013
2269,2018-01-07 20:20:30,checked in,1007,1085,2021-06-07 22:32:29,1052
5347,2013-10-12 21:51:40,not checked in,1003,1075,2021-05-13 14:53:17,1038
6435,2019-11-19 18:10:57,completed,1006,1043,2021-05-03 10:57:43,1023
4215,2009-08-08 23:05:36,checked in,1008,1006,2021-01-01 07:22:47,1061
4257,2005-05-02 11:06:33,checked in,1001,1024,2021-10-01 08:32:42,1037
7324,2001-05-18 02:20:01,checked in,1002,1017,2021-06-06 17:44:10,1032
1971,2002-07-01 15:20:49,completed,1001,1060,2021-02-20 19:01:04,1009
4617,2010-10-05 13:26:59,not checked in,1009,1041,2020-12-21 11:38:34,1013
9650,2000-11-21 01:55:31,completed,1008,1040,2021-07-08 19:38:46,1085
9452,2006-02-11 02:27:53,completed,1002,1025,2021-07-06 15:10:47,1093
3323,2004-08-26 16:40:30,completed,1005,1013,2021-05-27 09:15:09,1100
3512,2011-12-08 09:18:47,checked in,1006,1072,2021-03-31 02:16:33,1016
7725,2019-11-23 03:35:35,checked in,1010,1058,2021-05-30 11:11:22,1063
4370,2004-05-07 14:54:21,checked in,1004,1017,2021-05-22 13:23:39,1073
9950,2019-10-04 06:56:31,not checked in,1010,1016,2021-10-23 15:00:25,1053
2230,2014-07-03 11:09:53,completed,1002,1060,2021-04-28 19:13:23,1038
3481,2001-12-06 01:42:34,completed,1009,1059,2021-09-11 19:44:35,1070
5021,2014-01-06 15:19:05,completed,1010,1019,2021-07-20 23:57:59,1059
4296,2001-01-15 20:27:58,not checked in,1009,1071,2020-11-07 00:37:42,1004
8881,2012-09-29 02:13:12,checked in,1008,1096,2021-05-30 04:48:23,1019
7009,2005-09-09 06:40:41,not checked in,1008,1065,2021-02-16 09:35:26,1059
2338,2009-03-15 23:22:23,not checked in,1008,1050,2021-08-10 06:20:10,1069
3950,2021-10-15 22:27:22,completed,1003,1049,2021-04-12 19:11:41,1081
9181,2014-07-19 09:15:24,not checked in,1008,1095,2021-05-26 18:57:13,1097
5399,2001-02-15 08:55:00,completed,1004,1075,2021-08-07 08:19:41,1041
8472,2014-12-18 19:30:56,not checked in,1006,1069,2020-12-07 13:43:21,1055
8900,2012-10-17 03:55:38,not checked in,1001,1034,2021-04-23 06:31:24,1022
6210,2001-12-03 22:13:06,checked in,1001,1038,2021-06-14 18:12:04,1087
2787,2007-10-11 07:23:25,completed,1010,1033,2020-12-03 22:16:08,1069
3498,2005-08-24 12:29:47,completed,1008,1051,2020-12-28 15:11:15,1008
7102,2002-12-18 20:34:32,completed,1008,1053,2020-12-25 06:55:00,1065
4509,2016-07-30 16:25:58,completed,1005,1041,2020-12-08 00:58:14,1058
2734,2001-05-20 19:13:51,completed,1002,1088,2021-01-31 06:06:56,1064
1105,2005-07-29 19:11:18,not checked in,1003,1024,2021-10-27 07:45:19,1041
6645,2014-12-10 17:32:13,completed,1001,1042,2021-09-15 02:30:37,1004
8295,2004-05-04 01:01:55,not checked in,1008,1086,2021-01-15 09:12:51,1013
2053,2020-07-29 05:51:50,not checked in,1000,1008,2021-06-21 02:04:16,1056
8628,2005-06-11 13:45:42,completed,1001,1079,2021-04-16 04:51:53,1098
5865,2004-04-10 13:15:01,not checked in,1008,1073,2021-09-15 21:36:42,1088
9217,2019-01-11 20:26:07,not checked in,1003,1089,2021-10-26 05:42:58,1028
1124,2009-05-25 15:41:25,not checked in,1001,1085,2021-05-06 10:55:48,1078
9443,2006-03-20 20:07:58,checked in,1008,1022,2021-02-27 16:06:40,1042
7932,2003-02-06 08:59:33,checked in,1008,1062,2021-03-12 11:09:44,1076
6598,2018-12-24 06:39:55,checked in,1010,1098,2021-06-30 05:26:53,1096
2680,2011-02-04 04:45:12,checked in,1010,1021,2021-02-28 21:52:10,1052
8195,2011-01-18 09:41:54,completed,1009,1007,2020-12-17 21:43:51,1023
8696,2016-12-10 08:32:11,not checked in,1009,1034,2021-01-03 03:46:53,1060
2104,2009-12-30 23:17:30,not checked in,1007,1015,2021-10-02 05:43:37,1015
6667,2001-11-26 17:46:46,not checked in,1006,1049,2021-10-20 01:28:01,1036
4861,2009-09-30 11:14:14,completed,1006,1047,2021-07-24 12:41:49,1090
7275,2015-07-25 17:43:31,not checked in,1001,1031,2021-10-17 17:33:05,1054
6601,2003-10-15 20:48:07,completed,1000,1038,2020-11-07 04:13:32,1068
3041,2017-05-22 15:25:19,completed,1004,1069,2021-01-25 16:11:49,1057
1422,2005-04-30 13:01:21,not checked in,1009,1074,2021-01-20 15:59:28,1056
8774,2020-05-02 14:48:49,completed,1007,1016,2021-09-13 00:05:25,1045
3507,2008-07-16 15:05:30,completed,1009,1010,2021-01-22 17:55:37,1062
1250,2002-07-25 03:03:26,not checked in,1009,1083,2021-01-22 18:35:29,1035
4300,2017-06-04 04:18:21,not checked in,1005,1095,2021-01-04 06:40:23,1055
3711,2002-06-10 02:37:30,checked in,1001,1086,2021-09-06 21:32:09,1075
7217,2018-03-29 23:32:17,completed,1001,1044,2021-04-11 04:33:52,1006
6168,2020-04-30 06:05:30,checked in,1001,1028,2021-04-05 23:06:02,1028
8289,2008-06-08 21:41:45,checked in,1002,1098,2021-07-17 15:36:15,1056
2918,2019-07-09 08:16:49,completed,1009,1013,2021-03-28 22:10:22,1028
5385,2013-06-19 22:41:51,not checked in,1005,1013,2021-06-27 06:42:12,1005
4110,2014-04-02 01:08:33,not checked in,1004,1073,2021-02-01 05:36:34,1075
2164,2014-10-24 14:04:39,not checked in,1006,1060,2021-10-16 11:21:52,1020
4538,2009-06-11 18:15:31,not checked in,1007,1094,2021-10-03 22:16:45,1008
1134,2007-07-19 23:14:32,checked in,1002,1034,2021-09-05 11:50:48,1090
8837,2005-02-05 00:36:13,completed,1001,1033,2021-03-22 07:04:33,1060
7763,2012-12-14 21:20:47,completed,1007,1068,2021-11-06 20:46:03,1068
5218,2002-07-15 14:28:17,checked in,1006,1006,2021-08-04 04:21:37,1044
1684,2002-01-05 00:33:19,completed,1010,1062,2021-01-28 07:49:42,1031
5639,2014-01-25 00:50:39,checked in,1004,1021,2021-09-09 23:46:31,1094
2622,2017-05-18 05:43:33,not checked in,1007,1042,2021-09-30 21:40:18,1032
2915,2021-07-02 18:46:41,checked in,1005,1049,2021-05-26 17:56:41,1019
4164,2016-07-28 12:40:06,completed,1008,1078,2021-06-20 17:04:54,1019
8030,2015-11-15 07:02:18,completed,1001,1091,2021-10-20 01:12:10,1086
3818,2005-01-26 12:40:32,not checked in,1000,1036,2021-07-14 00:07:57,1027
6628,2015-02-16 20:56:03,checked in,1002,1018,2021-03-13 07:10:21,1098
1787,2007-11-21 21:15:48,not checked in,1004,1050,2021-04-12 12:08:08,1083
3798,2010-02-09 05:16:35,not checked in,1005,1016,2021-05-19 09:54:23,1049
8024,2008-01-21 08:20:33,completed,1002,1072,2021-05-15 01:15:48,1095
7091,2021-04-14 20:26:22,not checked in,1001,1054,2020-11-11 11:52:17,1044
4831,2020-11-27 07:57:54,completed,1003,1073,2021-07-11 08:03:41,1010
1110,2007-03-03 17:02:47,checked in,1007,1043,2021-08-06 06:26:08,1081
1366,2008-01-05 11:24:54,checked in,1000,1060,2021-06-05 11:01:50,1085
1774,2019-10-26 17:55:15,not checked in,1004,1099,2021-08-29 23:59:43,1008
9668,2001-12-20 12:50:23,checked in,1007,1090,2021-02-03 13:32:46,1084
3782,2017-12-01 18:30:52,checked in,1008,1007,2021-05-06 00:33:52,1043
7286,2008-02-11 08:29:26,completed,1004,1035,2021-04-20 18:57:17,1030
9515,2001-07-29 07:43:59,completed,1009,1049,2021-07-19 12:05:09,1092
7112,2006-05-11 20:07:47,checked in,1006,1075,2021-06-18 13:56:11,1082
8769,2006-07-31 04:32:55,completed,1007,1054,2021-01-06 13:45:48,1072
6876,2004-11-29 23:41:19,completed,1009,1055,2020-12-31 16:23:46,1047
9414,2015-03-28 15:11:13,checked in,1000,1067,2021-05-02 14:37:07,1052
5754,2012-11-02 18:24:02,completed,1010,1003,2021-05-16 22:49:23,1099
9765,2015-06-23 12:03:20,checked in,1009,1066,2021-05-14 14:22:55,1068
1638,2006-03-18 06:17:09,not checked in,1002,1072,2021-04-18 23:18:32,1098
9530,2013-01-26 08:25:18,completed,1005,1034,2021-02-23 09:57:46,1004
6303,2010-06-02 00:09:42,checked in,1000,1092,2021-09-04 19:18:22,1002
1005,2002-02-13 22:27:38,checked in,1006,1070,2021-05-01 10:08:16,1063
3997,2015-06-30 02:08:47,completed,1009,1064,2021-10-05 12:59:13,1000
4329,2012-07-27 08:17:43,not checked in,1006,1068,2021-03-25 15:23:00,1042
9048,2010-04-10 04:47:41,checked in,1006,1019,2021-10-26 15:14:56,1011
9794,2015-06-22 19:24:48,checked in,1010,1067,2021-10-26 07:40:22,1053
6355,2018-09-16 00:35:43,not checked in,1009,1069,2021-06-15 06:57:10,1044
1280,2020-08-12 17:28:50,completed,1008,1023,2020-12-04 22:23:33,1095
2970,2001-04-10 17:39:43,checked in,1009,1003,2021-04-24 10:16:50,1034
1519,2004-07-30 03:44:38,checked in,1008,1092,2021-06-10 01:22:01,1087
1808,2001-11-20 21:45:27,completed,1003,1007,2021-10-26 06:56:48,1038
4421,2006-05-02 20:44:37,not checked in,1002,1089,2020-11-13 16:27:16,1044
5688,2001-06-14 21:26:44,completed,1010,1001,2021-01-14 15:04:07,1058
1089,2001-06-28 19:55:31,not checked in,1007,1056,2021-04-10 19:00:55,1060
2422,2020-03-30 11:35:00,checked in,1003,1069,2021-08-19 01:15:12,1099
6157,2017-10-08 07:34:27,completed,1007,1071,2021-07-14 09:42:35,1056
2410,2005-04-12 21:32:58,completed,1006,1081,2021-05-02 15:36:37,1040
2284,2007-01-19 05:03:49,completed,1005,1069,2020-12-17 21:22:45,1011
6595,2014-10-30 10:20:49,completed,1001,1098,2021-06-07 06:43:41,1055
9555,2007-04-29 18:25:05,checked in,1001,1088,2021-03-17 21:14:19,1055
2421,2001-08-27 17:40:51,completed,1010,1050,2021-06-21 19:38:25,1046
3619,2013-11-12 10:57:50,checked in,1005,1035,2021-01-15 16:40:20,1016
6031,2008-03-13 17:07:26,checked in,1001,1072,2021-08-16 13:18:10,1057
7324,2002-05-17 13:12:11,not checked in,1006,1087,2021-05-05 10:24:36,1064
8784,2004-10-31 20:21:13,completed,1002,1044,2020-12-26 14:04:47,1054
4036,2013-06-16 04:26:23,checked in,1004,1044,2021-04-22 15:39:40,1014
8531,2020-09-11 04:35:18,completed,1002,1084,2021-10-04 14:46:22,1084
6724,2014-06-29 21:47:45,completed,1005,1005,2020-11-18 16:47:39,1053
3005,2012-04-25 04:42:28,completed,1010,1045,2021-03-25 00:32:07,1076
8334,2002-12-05 21:16:54,checked in,1002,1025,2021-10-22 22:26:29,1002
6602,2006-01-22 20:42:08,not checked in,1007,1087,2021-02-06 13:00:14,1075
1369,2001-05-06 05:16:05,checked in,1008,1042,2020-11-10 03:04:12,1077
4285,2011-03-20 13:12:20,not checked in,1003,1088,2021-07-31 13:15:40,1073
4326,2020-03-01 11:55:54,checked in,1001,1050,2021-11-04 04:39:01,1059
1788,2011-07-20 07:47:30,not checked in,1006,1021,2021-02-18 05:33:00,1070
2777,2001-05-05 11:19:43,completed,1010,1097,2021-08-22 03:20:27,1002
4065,2017-10-07 07:23:26,checked in,1000,1070,2020-12-10 02:52:04,1023
9923,2003-10-02 13:37:29,not checked in,1005,1085,2021-06-29 00:00:55,1094
7371,2007-10-27 22:08:22,not checked in,1002,1023,2021-05-13 04:05:52,1078
4846,2002-10-28 11:39:40,not checked in,1007,1075,2021-06-08 04:45:11,1048
7469,2008-03-30 20:56:05,checked in,1004,1012,2021-04-06 22:38:47,1011
8488,2011-10-02 05:24:16,not checked in,1010,1070,2021-10-15 03:23:40,1060
8871,2021-04-23 14:26:05,checked in,1005,1066,2021-04-04 23:33:11,1081
8733,2018-10-09 08:17:48,not checked in,1001,1082,2021-08-13 03:24:27,1029
7649,2017-11-10 21:56:32,checked in,1001,1084,2021-10-09 12:20:21,1081
3383,2020-09-20 16:51:35,checked in,1006,1012,2021-10-28 00:29:41,1088
4520,2019-09-12 19:11:43,checked in,1005,1020,2020-11-28 06:16:16,1047
9314,2020-07-07 08:51:44,checked in,1010,1027,2020-12-01 23:11:32,1084
2235,2019-11-21 22:05:15,not checked in,1006,1011,2020-11-23 10:23:45,1036
2549,2008-08-14 19:11:46,not checked in,1003,1054,2021-10-09 00:50:56,1037
8154,2018-06-18 20:29:51,completed,1010,1046,2020-12-21 22:42:52,1039
4275,2020-01-08 18:07:21,not checked in,1008,1066,2021-09-25 20:30:48,1092
4780,2021-03-21 05:08:23,completed,1008,1014,2020-12-27 03:52:03,1043
1215,2008-08-06 02:22:16,checked in,1006,1007,2021-04-24 01:08:56,1065
7460,2020-02-28 08:27:49,not checked in,1000,1062,2020-12-01 04:00:30,1060
3723,2002-06-17 16:45:07,checked in,1009,1028,2021-09-17 18:21:09,1086
9078,2010-03-07 12:08:58,completed,1009,1045,2021-10-27 18:03:45,1002
9921,2016-06-15 20:35:40,checked in,1007,1095,2021-05-24 16:16:40,1002
8089,2002-09-04 18:30:11,checked in,1002,1082,2021-03-20 12:03:22,1019
9459,2009-10-30 11:51:30,checked in,1007,1039,2021-05-28 10:32:11,1092
6740,2018-08-05 12:07:08,not checked in,1004,1100,2021-01-14 01:54:37,1035
2570,2002-11-26 21:50:36,checked in,1003,1057,2021-03-29 06:06:28,1023
3357,2002-11-25 13:05:58,completed,1006,1054,2020-12-04 19:37:42,1022
1634,2015-04-22 22:45:50,completed,1010,1047,2021-07-22 23:13:15,1034
5095,2005-01-29 12:33:42,checked in,1003,1066,2021-03-19 05:51:51,1082
2672,2005-06-05 10:43:51,checked in,1007,1028,2021-06-30 11:38:19,1064
9267,2002-03-24 18:55:10,completed,1003,1032,2021-04-13 11:13:10,1025
7747,2021-05-13 21:51:35,not checked in,1001,1044,2021-08-24 07:53:42,1005
8027,2018-08-04 09:06:38,completed,1008,1020,2021-07-12 20:33:08,1080
2758,2010-05-27 17:20:18,completed,1010,1017,2021-11-06 06:08:00,1090
3261,2021-10-23 07:38:36,checked in,1005,1015,2021-10-28 06:27:43,1028
7590,2011-05-08 02:40:52,checked in,1004,1004,2021-09-18 09:45:58,1051
3893,2018-02-17 00:24:07,completed,1002,1065,2021-03-29 17:22:16,1055
5963,2014-10-12 23:38:42,checked in,1004,1040,2021-07-21 07:14:30,1029
7814,2007-07-03 16:45:23,completed,1001,1029,2020-11-28 12:47:06,1045
8394,2010-03-09 10:04:25,not checked in,1004,1059,2021-07-02 05:07:32,1093
6789,2019-04-24 21:52:44,checked in,1003,1053,2021-10-30 15:21:33,1089
1173,2003-05-30 19:09:39,checked in,1009,1003,2021-09-09 16:20:03,1029
1775,2007-09-28 21:31:48,completed,1006,1012,2021-08-05 16:47:42,1073
9537,2002-12-26 10:16:32,not checked in,1002,1042,2021-04-08 18:12:03,1087
3701,2020-10-31 11:28:07,not checked in,1008,1100,2020-12-21 00:52:01,1020
6795,2017-01-15 00:57:56,checked in,1009,1022,2020-11-25 01:21:13,1006
4600,2021-05-31 04:41:30,not checked in,1005,1033,2020-12-18 17:34:37,1089
6776,2002-11-06 22:18:28,checked in,1002,1027,2021-08-24 21:36:12,1022
9615,2018-05-26 00:59:43,not checked in,1001,1013,2021-03-24 20:25:16,1063
8653,2020-02-11 09:10:40,not checked in,1006,1096,2021-10-06 03:56:21,1083
2805,2006-09-09 22:04:34,not checked in,1006,1049,2021-02-19 13:11:19,1097
3248,2008-04-13 15:02:38,not checked in,1008,1049,2020-11-12 00:00:53,1033
9495,2010-11-06 17:17:42,completed,1000,1000,2020-12-23 06:50:30,1015
8193,2019-12-08 03:53:03,checked in,1001,1049,2021-06-24 12:54:43,1092
5041,2002-10-04 04:00:23,completed,1005,1088,2021-05-27 19:22:11,1092
5681,2021-04-13 12:38:51,completed,1005,1085,2021-06-18 14:54:34,1074
7916,2015-07-08 18:51:02,completed,1009,1092,2021-08-19 23:23:12,1099
5064,2001-07-29 13:58:23,not checked in,1008,1000,2021-09-08 21:44:26,1033
9643,2010-03-11 00:33:26,not checked in,1007,1045,2021-06-06 18:54:25,1032
3392,2009-08-03 13:56:42,not checked in,1007,1017,2021-10-03 22:26:42,1077
2303,2020-02-02 21:17:28,completed,1002,1036,2021-05-29 02:59:24,1018
4303,2012-03-22 00:32:09,checked in,1006,1025,2020-11-12 01:26:49,1004
6753,2012-02-28 06:05:58,completed,1003,1053,2021-02-25 09:17:45,1091
8332,2005-05-09 01:35:35,not checked in,1007,1030,2021-03-24 14:13:30,1004
3502,2016-09-04 17:24:32,not checked in,1001,1013,2021-05-18 19:14:42,1071
5426,2004-09-29 11:18:32,completed,1007,1097,2021-05-31 09:36:50,1068
5030,2009-03-31 16:29:11,checked in,1004,1095,2021-11-03 06:24:36,1013
5299,2014-08-22 22:09:15,not checked in,1006,1074,2021-04-05 21:03:09,1065
8085,2010-01-10 05:06:44,not checked in,1008,1022,2021-01-04 22:47:29,1056
3878,2011-01-04 08:01:04,completed,1003,1079,2021-02-01 22:45:46,1032
9295,2003-11-09 08:49:02,checked in,1007,1048,2021-07-08 08:31:39,1083
7267,2020-03-27 22:52:09,not checked in,1002,1078,2021-01-21 06:10:30,1042
5484,2018-08-26 09:55:04,not checked in,1004,1084,2021-02-22 22:30:10,1054
4448,2021-01-07 01:49:34,not checked in,1004,1008,2021-01-26 15:56:27,1037
9724,2007-06-30 00:04:45,completed,1002,1074,2020-11-25 19:27:14,1085
5271,2006-04-06 13:06:48,completed,1010,1017,2021-05-11 17:52:59,1000
8840,2013-07-05 16:38:20,not checked in,1004,1084,2021-09-14 19:18:27,1054
7128,2008-08-26 07:04:59,not checked in,1005,1071,2021-05-29 23:22:21,1012
7476,2011-02-21 04:20:36,checked in,1008,1052,2021-03-09 12:06:01,1024
4665,2002-07-29 01:27:29,completed,1005,1064,2021-01-08 04:36:28,1029
3800,2019-06-27 00:39:19,completed,1004,1081,2021-02-27 06:21:45,1065
6557,2019-07-13 14:41:10,checked in,1004,1052,2021-09-01 05:20:45,1085
6411,2011-12-31 00:33:29,completed,1004,1008,2021-07-27 05:17:56,1033
6695,2016-05-10 10:19:42,not checked in,1003,1069,2020-12-31 09:06:51,1090
9643,2017-01-10 03:03:45,not checked in,1007,1097,2021-02-15 08:39:15,1083
9080,2018-05-07 20:35:10,not checked in,1005,1079,2021-10-26 08:50:31,1083
8287,2005-01-22 19:40:10,completed,1006,1021,2021-04-11 21:38:25,1059
1512,2012-09-27 02:23:16,checked in,1002,1071,2021-10-11 20:59:19,1009
1344,2008-12-03 06:11:52,checked in,1006,1041,2021-08-01 13:40:23,1089
7278,2009-10-09 00:34:13,checked in,1010,1040,2021-01-27 10:26:34,1045
8474,2021-03-15 03:00:12,not checked in,1008,1050,2021-04-17 22:57:35,1075
2784,2004-07-21 21:10:57,checked in,1009,1043,2021-02-28 04:21:48,1058
5567,2001-01-07 07:46:27,not checked in,1000,1032,2021-10-24 11:35:08,1077
5333,2007-08-30 03:47:33,completed,1007,1077,2021-10-02 05:37:26,1093
9672,2016-11-04 17:38:37,checked in,1005,1096,2021-09-13 14:23:08,1039
4997,2008-04-25 21:40:15,checked in,1004,1030,2020-11-29 10:52:29,1090
1825,2016-04-11 16:45:47,checked in,1000,1050,2021-04-12 16:58:14,1010
9794,2003-02-28 17:50:03,completed,1007,1035,2021-04-18 20:50:46,1079
8498,2015-06-23 15:11:09,completed,1007,1100,2021-02-13 20:22:48,1026
2347,2020-07-17 06:25:32,not checked in,1003,1032,2021-01-04 05:28:07,1070
4244,2015-07-28 02:21:03,completed,1004,1026,2020-12-25 06:23:13,1021
6268,2020-07-07 00:29:27,completed,1005,1094,2021-10-12 05:21:53,1058
7009,2019-11-01 03:37:48,checked in,1004,1070,2020-12-24 12:50:21,1023
5181,2017-02-01 21:09:43,completed,1000,1014,2021-11-06 15:00:56,1024
1696,2017-09-21 13:21:04,not checked in,1010,1068,2021-09-22 00:14:22,1006
4500,2015-05-06 07:38:03,not checked in,1008,1024,2021-06-01 22:22:58,1019
6206,2006-07-05 06:08:11,not checked in,1002,1089,2021-01-08 11:05:53,1036
4074,2001-07-18 00:43:42,not checked in,1003,1039,2021-09-23 21:47:09,1025
6907,2004-12-17 14:10:39,not checked in,1002,1001,2021-08-09 05:39:44,1052
9683,2011-08-09 20:56:34,completed,1000,1006,2021-06-01 11:38:17,1095
7719,2001-07-13 10:44:31,completed,1009,1013,2021-03-02 14:41:53,1039
7746,2018-05-07 07:23:49,completed,1007,1071,2021-04-25 12:37:23,1045
6535,2011-01-26 16:39:33,not checked in,1001,1014,2021-08-17 15:21:05,1058
1311,2015-06-17 07:52:56,completed,1001,1038,2021-08-16 10:16:31,1016
6146,2017-04-18 22:33:18,not checked in,1009,1068,2021-05-02 02:07:12,1049
8730,2001-08-11 18:08:36,not checked in,1007,1078,2021-05-08 06:02:43,1096
9402,2016-11-08 15:08:03,checked in,1004,1067,2020-11-16 02:11:26,1047
3078,2016-11-23 12:26:09,checked in,1009,1078,2021-08-05 13:31:27,1010
6101,2001-11-11 12:26:26,not checked in,1000,1036,2021-03-10 07:47:02,1042
6440,2012-02-13 01:40:43,checked in,1004,1063,2021-05-04 00:04:50,1063
6078,2018-10-04 14:26:27,checked in,1000,1058,2021-10-11 21:50:43,1075
8877,2011-01-31 07:05:29,not checked in,1005,1003,2021-06-29 12:22:54,1081
5486,2006-09-07 16:09:36,checked in,1008,1065,2021-04-18 09:30:42,1073
3143,2010-12-12 16:04:29,not checked in,1006,1079,2021-01-29 22:06:51,1036
6831,2011-11-18 09:48:01,completed,1004,1082,2020-12-10 18:10:41,1025
4882,2004-11-23 21:28:25,checked in,1009,1001,2021-04-20 19:52:58,1058
4583,2013-01-31 17:17:02,completed,1010,1048,2020-11-30 00:24:24,1072
1283,2001-12-04 17:11:21,completed,1007,1097,2021-01-18 09:25:30,1066
1753,2011-12-09 05:44:36,completed,1004,1062,2021-03-02 09:28:04,1075
6091,2011-03-01 08:49:26,not checked in,1001,1015,2021-01-30 19:35:51,1055
1185,2016-09-15 15:01:49,checked in,1002,1053,2021-08-27 07:23:53,1095
7314,2012-07-20 03:31:41,completed,1004,1092,2021-01-22 03:29:44,1048
9073,2001-07-17 14:56:02,completed,1008,1006,2021-04-26 17:21:23,1030
9934,2001-04-06 16:09:03,completed,1010,1031,2021-01-27 18:58:22,1098
5745,2019-09-21 12:37:01,not checked in,1010,1004,2020-12-29 19:56:52,1070
8505,2020-12-23 18:17:45,not checked in,1007,1046,2021-05-21 22:34:21,1051
1818,2008-05-19 17:06:23,not checked in,1000,1054,2021-03-18 01:46:55,1046
8434,2002-09-03 06:08:59,completed,1005,1068,2021-06-11 01:21:14,1001
9222,2019-12-15 19:38:02,checked in,1000,1096,2021-10-11 01:34:44,1030
2958,2005-02-01 11:41:36,not checked in,1002,1013,2021-06-30 19:32:23,1007
8414,2013-02-08 04:25:49,completed,1006,1025,2021-09-05 19:21:17,1003
1492,2015-07-27 13:25:47,checked in,1003,1031,2021-07-13 21:41:10,1043
3656,2010-10-20 10:26:22,checked in,1006,1063,2021-06-03 17:17:42,1004
4798,2001-01-11 16:05:06,completed,1009,1055,2021-02-16 21:19:48,1097
3782,2002-07-16 13:49:48,not checked in,1002,1016,2021-02-26 02:51:44,1079
1558,2009-03-09 23:56:02,checked in,1002,1002,2021-03-24 09:39:37,1090
2537,2009-01-06 02:42:29,completed,1010,1042,2021-06-12 02:12:58,1004
1904,2002-06-16 02:17:48,not checked in,1003,1014,2021-10-01 01:21:58,1008
4933,2007-08-06 00:27:59,completed,1008,1095,2021-04-01 18:16:38,1091
4149,2013-10-15 23:09:55,completed,1005,1062,2021-06-10 11:25:52,1007
4730,2011-02-13 21:11:48,not checked in,1002,1037,2021-05-09 08:46:36,1024
1277,2013-08-09 19:49:57,checked in,1003,1014,2021-08-07 19:07:05,1089
2014,2008-04-23 12:13:50,not checked in,1002,1072,2021-01-12 12:28:53,1073
4955,2018-10-21 22:40:59,not checked in,1008,1017,2021-08-08 05:39:23,1085
7397,2018-08-20 07:14:27,completed,1002,1074,2021-06-08 22:54:32,1071
3375,2001-07-06 09:24:52,completed,1001,1091,2021-06-01 03:07:16,1079
9058,2019-06-30 00:35:20,checked in,1004,1023,2020-11-07 06:22:06,1021
9540,2016-07-25 11:39:36,checked in,1006,1018,2020-12-30 18:49:29,1071
2130,2003-03-13 10:33:50,checked in,1003,1061,2021-10-22 04:46:46,1037
4680,2007-05-27 10:53:23,not checked in,1003,1099,2021-02-19 06:30:56,1040
4888,2007-06-03 10:14:45,completed,1000,1099,2021-06-24 11:46:31,1057
3140,2021-06-25 03:14:13,checked in,1009,1080,2021-04-04 01:40:49,1057
6794,2003-05-31 19:09:10,checked in,1007,1009,2021-10-03 16:46:51,1026
6882,2001-09-20 16:47:27,completed,1001,1007,2021-07-28 00:47:46,1093
8764,2018-02-27 18:10:50,not checked in,1001,1014,2021-10-12 07:56:50,1060
5148,2014-02-04 13:09:13,checked in,1005,1030,2021-02-08 19:36:09,1036
6680,2015-04-29 00:53:12,checked in,1002,1014,2021-04-21 05:43:22,1051
8903,2007-10-01 11:11:16,checked in,1006,1035,2021-10-24 13:56:11,1042
6120,2014-02-03 22:41:25,checked in,1005,1053,2021-06-15 11:19:10,1074
4125,2017-03-27 10:38:24,completed,1007,1035,2021-05-18 14:13:06,1087
3589,2021-04-24 11:51:59,checked in,1004,1080,2021-06-09 19:09:09,1070
3770,2017-08-16 18:26:27,checked in,1010,1088,2021-04-15 07:47:44,1000
4174,2013-01-31 07:17:38,checked in,1001,1096,2021-01-31 01:19:35,1067
2777,2015-09-18 01:14:28,not checked in,1008,1027,2021-09-28 12:35:43,1037
3587,2004-02-20 20:18:09,not checked in,1004,1026,2021-02-08 19:13:47,1065
2754,2007-10-19 21:39:50,not checked in,1004,1060,2021-01-11 17:41:51,1032
5432,2002-07-08 10:40:33,not checked in,1003,1084,2021-02-20 09:42:24,1042
3510,2009-06-22 19:19:15,completed,1001,1034,2021-02-28 09:21:36,1088
8525,2015-08-24 07:30:29,not checked in,1008,1053,2021-08-07 14:24:51,1047
3077,2005-01-07 10:55:59,not checked in,1010,1000,2021-01-08 12:54:40,1069
7793,2019-12-05 15:38:26,checked in,1008,1054,2021-07-08 04:59:05,1069
2961,2019-11-17 18:01:38,checked in,1001,1085,2021-09-12 03:45:44,1056
3238,2016-11-22 00:52:01,not checked in,1007,1045,2021-05-07 20:41:11,1036
8491,2014-04-30 15:59:19,checked in,1006,1097,2021-01-24 09:59:57,1042
1535,2009-09-09 08:21:46,not checked in,1004,1038,2021-01-26 23:51:31,1031
6992,2016-02-17 21:18:39,not checked in,1003,1071,2021-05-26 10:04:33,1028
4473,2019-05-02 19:16:33,not checked in,1007,1044,2021-05-21 07:19:23,1054
6857,2004-02-22 03:41:58,completed,1008,1009,2021-03-29 18:03:24,1049
2142,2011-01-29 15:32:53,checked in,1009,1074,2021-06-28 00:15:31,1067
1860,2002-12-26 22:07:01,completed,1008,1065,2020-12-03 08:47:07,1034
3157,2008-11-02 05:22:32,not checked in,1001,1012,2021-08-30 04:16:50,1090
9664,2017-10-31 14:45:00,checked in,1010,1046,2021-11-01 17:33:06,1089
3895,2003-09-01 01:44:23,checked in,1009,1033,2021-06-15 20:14:52,1002
7349,2018-02-22 18:06:58,completed,1002,1047,2021-01-12 21:11:53,1020
8658,2015-11-05 14:54:56,checked in,1008,1043,2021-07-13 17:45:06,1071
4368,2013-12-25 04:30:55,not checked in,1000,1019,2021-08-08 03:12:39,1019
2733,2012-06-02 07:57:24,completed,1002,1093,2021-02-25 04:35:21,1037
3266,2011-03-14 00:30:41,not checked in,1005,1036,2021-10-02 10:35:38,1053
2873,2010-12-08 16:54:05,completed,1005,1072,2021-11-03 22:10:43,1009
6551,2005-01-11 10:20:34,completed,1009,1055,2021-05-18 14:13:45,1040
8070,2007-09-21 19:49:48,not checked in,1009,1016,2021-10-01 23:49:49,1087
8542,2015-11-04 15:10:50,checked in,1006,1073,2020-12-27 02:44:44,1035
6298,2013-06-15 19:49:48,not checked in,1000,1086,2021-08-15 04:37:20,1065
7872,2013-09-13 20:19:30,not checked in,1004,1097,2021-09-29 13:51:36,1092
6421,2016-02-24 01:19:03,completed,1010,1098,2020-12-17 02:03:07,1045
3066,2014-01-10 08:40:50,completed,1006,1021,2021-05-26 03:56:38,1027
8678,2009-03-07 08:07:44,not checked in,1005,1097,2021-03-09 13:57:07,1051
6667,2021-09-03 19:27:46,not checked in,1004,1017,2021-04-17 00:12:19,1068
3904,2010-02-11 18:27:18,checked in,1010,1011,2021-08-03 11:50:54,1049
6205,2003-09-22 16:39:31,checked in,1000,1097,2021-05-09 23:18:26,1064
1751,2015-10-10 18:58:56,checked in,1008,1060,2021-09-19 07:44:02,1020
4148,2012-12-18 04:35:33,checked in,1006,1045,2020-11-20 03:46:35,1066
1958,2021-04-08 05:43:44,completed,1002,1010,2020-11-16 13:33:46,1039
6966,2009-03-19 23:12:31,completed,1002,1087,2021-02-17 16:39:41,1049
1991,2007-03-02 02:35:13,completed,1004,1023,2021-07-18 04:01:10,1043
5981,2017-01-17 19:07:21,not checked in,1002,1091,2021-05-04 21:27:37,1042
9445,2004-11-08 06:41:52,completed,1006,1003,2021-05-19 21:26:02,1032
6345,2005-01-12 22:07:10,completed,1000,1019,2021-09-01 05:28:57,1017
7577,2001-01-19 19:25:20,not checked in,1007,1091,2021-07-03 23:11:26,1068
5708,2003-02-28 22:16:52,completed,1007,1009,2021-01-16 12:01:02,1036
1795,2021-03-25 20:37:51,not checked in,1004,1029,2021-09-07 07:51:33,1013
3364,2007-09-07 09:38:53,completed,1004,1043,2021-06-17 13:27:06,1056
1359,2018-02-04 13:41:15,completed,1007,1079,2021-10-06 06:30:50,1000
6997,2017-12-09 02:56:41,completed,1000,1018,2021-08-19 12:53:19,1063
6591,2011-06-14 02:38:09,completed,1009,1015,2021-04-29 23:12:10,1011
7318,2003-06-26 18:42:13,not checked in,1008,1072,2021-03-30 20:40:41,1031
6060,2005-06-20 21:29:09,checked in,1003,1065,2021-09-23 14:51:03,1020
4811,2016-06-05 01:22:17,completed,1007,1036,2021-03-15 03:31:01,1035
3289,2017-06-20 02:55:58,checked in,1008,1049,2021-05-10 05:12:22,1018
5171,2010-12-26 17:03:57,not checked in,1010,1064,2021-02-08 08:19:15,1075
7787,2014-12-27 19:52:38,checked in,1007,1087,2021-07-19 21:32:10,1005
4769,2007-01-16 09:05:12,not checked in,1004,1055,2021-05-18 20:01:04,1078
7644,2010-01-19 07:29:51,completed,1010,1066,2021-02-12 11:50:15,1089
3278,2010-08-16 14:45:45,checked in,1000,1096,2021-04-29 01:53:13,1015
2649,2005-01-17 04:05:26,checked in,1010,1087,2021-07-16 07:50:30,1075
5768,2020-04-04 20:53:57,not checked in,1005,1013,2021-03-22 20:33:29,1079
7610,2010-07-11 03:37:23,completed,1002,1028,2021-01-11 00:10:23,1017
8084,2005-06-09 22:35:58,completed,1003,1005,2021-06-01 03:27:02,1018
5755,2008-03-16 02:35:32,completed,1008,1064,2021-01-23 15:09:33,1071
1258,2008-07-26 15:44:04,completed,1001,1050,2021-10-17 21:49:26,1064
5047,2021-06-25 01:39:56,checked in,1006,1056,2020-12-19 18:07:50,1016
4534,2006-11-16 19:28:18,checked in,1008,1072,2021-05-03 10:28:07,1096
9914,2004-07-22 17:47:07,completed,1001,1067,2021-05-02 12:01:38,1010
4575,2020-04-27 21:44:57,not checked in,1004,1020,2020-11-11 04:02:45,1056
3235,2001-09-10 13:26:23,completed,1008,1082,2021-04-05 12:34:55,1046
6951,2014-05-08 11:23:47,not checked in,1009,1065,2021-01-07 19:24:51,1071
8388,2002-09-24 17:01:17,checked in,1003,1028,2021-02-25 06:40:30,1043
3338,2003-05-14 00:12:57,not checked in,1000,1014,2021-01-27 19:34:06,1086
9692,2002-01-21 04:39:53,not checked in,1004,1075,2021-03-03 23:04:34,1068
5224,2010-01-27 21:25:30,not checked in,1007,1095,2021-02-02 15:58:54,1046
1027,2009-11-26 23:21:24,completed,1005,1064,2021-09-07 11:08:00,1086
5290,2003-07-11 14:58:32,checked in,1003,1075,2020-12-01 10:24:23,1068
6990,2019-08-17 04:42:31,not checked in,1009,1041,2021-02-19 05:56:10,1014
4168,2018-06-27 10:25:58,checked in,1008,1014,2021-05-17 13:22:55,1026
8636,2021-08-23 12:52:13,completed,1007,1060,2021-01-05 09:26:23,1046
6651,2008-01-06 10:51:50,not checked in,1004,1056,2021-10-07 10:54:11,1045
5938,2001-10-06 21:08:21,not checked in,1004,1065,2021-05-12 17:07:49,1069
8888,2011-12-29 17:37:09,not checked in,1003,1047,2021-11-03 17:33:16,1073
5972,2020-11-13 05:30:24,not checked in,1003,1066,2020-12-17 11:16:02,1009
2713,2005-12-25 12:09:03,not checked in,1010,1004,2020-12-04 20:56:52,1089
1389,2000-12-21 14:37:00,checked in,1005,1052,2021-03-02 21:15:49,1036
3457,2013-07-21 23:02:34,checked in,1004,1064,2021-07-29 21:18:40,1008
4905,2006-05-01 17:20:07,not checked in,1000,1069,2021-04-04 14:09:24,1023
4757,2008-07-17 21:29:55,not checked in,1000,1025,2020-12-09 10:27:18,1100
8850,2021-02-03 19:09:29,completed,1003,1070,2021-05-30 10:37:17,1064
9446,2005-03-22 02:40:41,checked in,1009,1058,2021-05-11 02:35:46,1062
5169,2018-02-11 02:32:19,not checked in,1007,1091,2021-05-30 01:46:40,1094
4782,2003-03-27 17:47:39,not checked in,1003,1081,2020-11-16 20:37:27,1021
4215,2015-05-19 12:56:12,not checked in,1002,1087,2021-06-10 05:48:21,1005
5823,2011-06-02 13:19:19,not checked in,1007,1068,2021-02-28 05:48:15,1085
9440,2018-01-13 02:11:21,checked in,1001,1079,2021-06-19 20:32:02,1055
8890,2014-11-01 08:58:39,checked in,1004,1071,2021-02-12 12:27:03,1021
7859,2004-01-03 04:40:02,completed,1007,1051,2021-04-07 13:36:08,1072
5521,2007-07-28 11:35:13,not checked in,1003,1006,2020-11-13 22:31:33,1007
8666,2013-08-17 09:14:34,completed,1009,1097,2021-03-23 21:13:38,1088
9902,2011-12-04 05:17:24,completed,1006,1058,2021-10-14 05:34:47,1082
9327,2001-05-15 23:52:56,completed,1001,1087,2021-07-10 20:18:47,1043
9153,2018-05-18 12:58:53,completed,1001,1083,2021-10-21 03:24:00,1028
7326,2008-08-06 01:47:20,completed,1010,1095,2021-05-24 11:50:36,1093
8726,2013-04-22 05:09:57,checked in,1004,1079,2020-12-09 04:48:33,1077
2598,2010-12-10 18:00:18,completed,1003,1036,2021-03-30 06:30:38,1045
8321,2004-12-03 02:11:45,checked in,1006,1041,2021-10-15 13:08:57,1078
9620,2005-10-09 04:14:31,not checked in,1004,1046,2021-08-26 21:41:30,1061
4722,2020-06-25 11:33:03,checked in,1001,1024,2021-07-12 16:58:29,1075
3552,2013-10-19 22:21:30,completed,1010,1098,2021-01-04 12:02:31,1013
6319,2011-03-05 05:26:03,not checked in,1006,1011,2021-09-23 19:21:35,1078
6776,2021-09-23 13:25:02,checked in,1005,1085,2021-02-19 21:29:54,1063
3971,2001-03-13 13:21:13,not checked in,1003,1085,2021-02-08 01:13:05,1079
4392,2011-03-20 08:32:35,completed,1000,1050,2021-07-21 02:54:28,1037
5303,2015-04-06 04:41:30,checked in,1006,1055,2020-11-23 00:55:55,1066
7567,2002-05-22 19:26:56,not checked in,1005,1041,2021-02-15 14:04:25,1054
3550,2003-08-25 14:35:40,checked in,1009,1071,2021-05-10 21:36:05,1025
4103,2008-06-12 10:12:49,completed,1001,1040,2021-01-27 06:11:54,1054
5533,2012-05-08 09:07:58,not checked in,1001,1024,2021-10-11 18:54:39,1005
9789,2013-01-29 13:37:19,checked in,1003,1060,2020-12-31 16:37:18,1099
9002,2014-01-16 06:36:43,not checked in,1001,1013,2021-05-05 06:17:13,1093
7417,2007-08-29 10:10:32,completed,1002,1035,2021-11-05 15:59:40,1013
6304,2013-09-05 10:14:33,checked in,1005,1009,2021-05-03 05:39:57,1075
9212,2002-06-07 01:52:01,checked in,1002,1078,2021-01-23 23:35:59,1026
1793,2006-08-29 15:08:59,checked in,1010,1004,2020-12-17 20:57:16,1062
7887,2001-07-17 21:24:10,completed,1003,1071,2021-02-16 07:54:54,1047
8078,2014-02-11 18:11:01,not checked in,1010,1030,2021-10-22 14:08:41,1093
9224,2000-11-28 18:57:05,checked in,1004,1036,2021-03-12 03:04:48,1016
3653,2012-03-29 07:49:43,checked in,1001,1000,2021-06-26 19:09:19,1095
6169,2010-10-22 19:54:12,completed,1001,1000,2021-09-21 04:22:41,1012
4212,2010-08-02 09:40:45,checked in,1003,1026,2021-10-15 12:48:49,1013
9963,2018-06-09 10:14:46,not checked in,1006,1031,2021-04-25 07:13:10,1011
8393,2016-11-23 20:03:05,checked in,1001,1046,2021-06-28 07:01:36,1011
4518,2006-12-31 12:48:29,checked in,1003,1023,2021-08-08 10:20:42,1075
7325,2005-01-14 07:41:42,not checked in,1005,1038,2021-07-19 15:13:31,1072
7615,2014-04-16 15:40:29,completed,1003,1075,2021-09-18 00:19:07,1061
6857,2000-11-25 16:16:38,not checked in,1000,1041,2021-08-23 15:54:15,1091
6160,2008-12-11 04:25:41,checked in,1004,1082,2021-08-10 07:13:06,1025
1227,2015-09-01 06:57:26,completed,1004,1010,2021-07-04 12:12:20,1072
5506,2001-10-29 16:37:51,completed,1001,1041,2020-11-07 15:33:45,1050
4523,2014-03-10 00:14:59,checked in,1006,1025,2020-12-12 20:19:55,1069
3295,2018-04-17 11:16:51,not checked in,1002,1001,2021-03-17 20:10:01,1027
5841,2003-03-30 11:55:42,checked in,1006,1058,2021-07-12 00:38:21,1012
4982,2013-11-14 20:18:53,checked in,1001,1027,2021-05-15 03:53:29,1004
4518,2019-12-16 14:30:19,checked in,1001,1049,2021-09-23 00:09:37,1058
4173,2008-09-12 02:30:04,checked in,1010,1016,2021-01-09 07:40:47,1031
7592,2005-06-03 08:18:15,completed,1009,1020,2021-07-21 04:50:30,1037
4879,2020-01-28 19:06:12,completed,1004,1019,2021-06-23 21:48:48,1091
1279,2016-01-24 06:53:59,not checked in,1007,1031,2021-03-07 02:45:16,1010
2976,2009-12-24 12:47:43,checked in,1003,1008,2021-09-18 20:34:56,1098
3711,2014-08-25 23:10:11,not checked in,1008,1005,2021-03-26 16:52:24,1018
6596,2019-05-30 23:46:14,checked in,1007,1061,2021-07-02 21:23:47,1067
3305,2001-08-09 07:34:49,checked in,1000,1051,2021-07-18 12:38:23,1017
3438,2015-01-30 16:49:28,not checked in,1005,1006,2021-04-22 00:43:15,1007
7816,2007-05-10 06:21:35,checked in,1004,1019,2021-07-05 19:13:07,1035
7446,2009-01-16 03:24:15,not checked in,1009,1073,2021-03-08 03:44:55,1095
6165,2011-06-06 22:37:10,completed,1010,1098,2021-08-17 21:59:14,1078
2470,2020-07-19 11:31:58,checked in,1009,1038,2021-01-24 07:09:56,1025
4387,2006-06-22 17:56:15,completed,1001,1077,2021-01-20 02:58:36,1059
8799,2004-04-07 07:42:30,completed,1004,1020,2021-01-23 07:54:23,1016
8767,2007-12-13 15:17:01,checked in,1000,1065,2021-03-19 09:07:42,1046
1402,2012-11-17 04:32:31,not checked in,1004,1041,2021-07-15 10:15:37,1068
8606,2005-02-10 09:10:00,not checked in,1006,1009,2021-03-22 02:09:48,1030
2998,2016-04-30 21:11:48,checked in,1001,1030,2020-11-07 23:53:27,1073
5281,2011-08-11 17:20:36,checked in,1007,1056,2021-03-15 05:37:35,1080
6025,2012-02-28 23:11:09,completed,1007,1054,2021-04-11 20:21:00,1093
4209,2013-02-19 03:50:36,checked in,1002,1070,2020-12-04 20:14:30,1039
9579,2015-11-16 12:08:45,checked in,1002,1075,2021-08-29 21:27:19,1073
1077,2020-11-30 05:35:11,checked in,1000,1086,2021-01-14 03:20:42,1045
4279,2019-10-30 21:42:16,not checked in,1006,1034,2021-05-10 21:35:25,1098
6849,2015-07-28 06:16:46,not checked in,1008,1002,2020-11-29 12:45:20,1042
5147,2019-05-25 06:12:00,checked in,1004,1036,2021-08-18 02:18:05,1089
7123,2003-05-22 21:05:18,not checked in,1000,1095,2021-01-01 08:16:25,1014
8236,2007-01-17 19:41:24,not checked in,1009,1036,2021-01-26 19:00:07,1059
6987,2016-05-15 19:05:06,completed,1001,1012,2020-12-22 20:18:00,1096
1046,2002-12-27 04:07:29,not checked in,1004,1097,2021-07-04 07:29:26,1017
4486,2007-02-16 15:17:09,not checked in,1000,1034,2021-07-21 13:36:18,1044
8999,2020-04-07 13:36:14,checked in,1010,1020,2021-09-28 13:12:58,1074
7471,2008-04-17 06:48:18,completed,1008,1068,2020-12-22 12:55:05,1060
6111,2013-03-02 13:40:53,checked in,1003,1017,2021-07-23 12:17:00,1057
5710,2020-12-07 06:12:12,checked in,1003,1040,2021-06-21 11:34:04,1031
5008,2001-03-19 19:23:52,completed,1009,1024,2021-02-02 03:43:15,1054
2186,2014-02-18 14:16:02,checked in,1005,1053,2021-05-28 16:08:58,1082
2365,2009-01-25 05:49:28,not checked in,1010,1000,2021-01-07 17:24:45,1055
6841,2013-06-08 03:50:46,completed,1006,1056,2021-09-09 17:34:20,1059
9012,2017-12-02 22:33:49,checked in,1004,1036,2021-05-03 03:11:00,1076
6032,2001-11-27 03:30:50,not checked in,1002,1009,2021-04-06 11:41:27,1098
1879,2009-09-12 18:42:49,not checked in,1005,1013,2021-02-17 05:40:44,1039
5914,2015-07-18 01:32:24,completed,1002,1016,2021-08-06 00:43:37,1005
1002,2019-05-06 20:51:42,not checked in,1009,1060,2021-07-02 12:26:07,1025
5981,2007-04-18 08:14:54,checked in,1009,1042,2021-08-10 18:13:18,1051
3549,2004-12-14 07:53:50,checked in,1008,1068,2021-10-02 22:42:35,1097
8433,2008-05-12 17:03:24,checked in,1007,1050,2020-11-11 10:34:21,1024
6404,2016-02-29 12:56:49,checked in,1005,1096,2021-09-02 07:13:52,1044
4119,2005-12-19 12:51:47,checked in,1007,1071,2020-12-11 14:34:08,1009
8123,2017-11-30 23:19:37,completed,1007,1081,2021-08-31 16:35:20,1065
7627,2001-04-05 12:58:05,checked in,1010,1046,2021-09-13 18:07:42,1095
3969,2013-08-30 21:41:50,checked in,1004,1059,2021-09-19 13:43:36,1047
2050,2015-04-27 21:16:38,not checked in,1000,1017,2021-05-10 01:16:41,1069
1368,2001-04-24 04:31:56,completed,1004,1043,2021-07-02 00:47:25,1061
6285,2019-10-12 00:27:43,completed,1010,1099,2021-06-29 00:30:01,1053
4241,2008-03-09 02:23:57,not checked in,1003,1064,2021-01-18 00:57:04,1043
9946,2008-10-09 15:45:44,completed,1003,1041,2021-01-09 08:26:27,1011
1815,2018-08-13 13:52:30,checked in,1006,1059,2021-09-05 17:00:28,1036
5756,2002-08-01 06:53:32,not checked in,1005,1072,2021-04-20 05:14:03,1047
6678,2005-04-23 23:31:04,completed,1005,1088,2021-02-19 04:20:33,1073
8839,2002-12-26 22:21:41,completed,1003,1079,2020-11-26 03:53:14,1004
7103,2009-05-25 11:48:52,completed,1010,1073,2021-10-05 15:03:19,1021
8984,2013-08-18 20:02:21,completed,1002,1074,2021-11-04 22:05:32,1002
4185,2007-07-15 10:17:16,checked in,1010,1037,2021-02-03 00:04:24,1054
4931,2020-01-22 03:14:00,not checked in,1005,1072,2021-06-10 06:44:45,1068
3950,2015-07-15 04:00:43,checked in,1004,1000,2021-03-16 10:23:52,1008
2121,2017-05-20 01:30:33,checked in,1001,1072,2021-04-05 17:49:19,1022
9263,2013-05-01 22:14:17,not checked in,1006,1024,2021-02-11 20:57:28,1070
5325,2018-08-31 10:25:05,not checked in,1004,1092,2021-09-30 06:59:19,1055
7024,2001-01-11 12:25:57,completed,1003,1033,2021-01-15 05:03:58,1015
6833,2014-04-27 18:30:42,not checked in,1006,1065,2020-12-07 11:09:37,1098
2172,2001-02-10 19:20:11,completed,1006,1097,2021-08-12 22:39:43,1044
7234,2021-05-20 11:29:14,completed,1006,1066,2021-02-22 13:21:37,1016
8912,2016-05-19 22:35:09,completed,1009,1044,2021-08-23 20:03:11,1067
4680,2013-07-08 00:24:51,completed,1009,1069,2021-06-07 00:55:14,1071
1060,2003-01-07 19:38:24,completed,1005,1075,2021-08-25 13:33:23,1099
1673,2020-02-02 02:21:32,checked in,1009,1089,2021-04-26 02:39:08,1028
8829,2009-05-01 00:58:05,checked in,1002,1019,2021-05-15 20:52:54,1098
3364,2014-03-08 00:23:45,not checked in,1005,1082,2021-07-22 08:34:57,1081
5837,2001-04-28 16:01:15,checked in,1010,1015,2021-06-26 04:39:00,1017
3552,2012-12-15 05:46:20,completed,1001,1084,2021-07-22 07:26:20,1034
2041,2014-12-02 20:00:36,completed,1008,1093,2021-01-21 12:23:31,1073
9457,2009-07-04 03:06:35,completed,1003,1054,2021-01-24 21:03:02,1034
5153,2018-11-09 08:05:44,completed,1010,1078,2020-11-09 07:33:56,1045
7884,2009-09-14 17:38:23,completed,1006,1070,2021-05-22 04:13:24,1037
4166,2016-03-07 18:31:34,checked in,1005,1012,2021-10-29 08:56:15,1009
2099,2015-06-24 12:56:52,not checked in,1009,1079,2021-06-20 18:24:45,1091
5238,2010-02-09 23:30:16,not checked in,1008,1052,2021-02-19 00:25:05,1099
9759,2010-04-06 23:02:11,completed,1005,1100,2020-12-12 20:55:24,1094
8417,2018-12-10 22:12:06,checked in,1010,1069,2021-06-10 16:45:08,1074
5819,2016-10-26 15:12:39,not checked in,1009,1070,2021-07-21 11:20:59,1014
9003,2011-08-04 02:05:36,not checked in,1008,1029,2021-09-08 09:22:12,1048
7326,2011-09-09 09:55:48,completed,1003,1081,2020-11-07 02:25:48,1078
8280,2012-07-28 23:09:25,completed,1005,1052,2021-05-01 23:27:50,1074
9124,2004-07-27 13:39:42,checked in,1006,1041,2021-01-19 07:09:36,1009
9081,2018-03-14 12:27:54,not checked in,1009,1071,2020-12-24 00:13:51,1033
5226,2018-08-16 00:14:23,checked in,1010,1048,2021-07-21 01:16:23,1060
9817,2009-08-15 10:52:23,not checked in,1003,1014,2021-03-07 12:26:22,1012
3899,2020-07-09 10:29:22,not checked in,1002,1097,2021-05-30 20:14:38,1008
2791,2009-02-09 06:02:53,completed,1010,1055,2021-09-19 03:49:57,1047
9623,2008-04-07 02:26:08,checked in,1010,1039,2021-09-27 19:14:27,1014
8956,2004-03-30 18:57:31,checked in,1007,1018,2021-02-16 20:01:40,1013
7606,2012-03-06 05:03:15,not checked in,1008,1035,2021-08-24 14:15:31,1017
7084,2008-12-13 18:26:48,completed,1009,1093,2021-06-08 09:42:45,1061
2753,2018-04-17 10:51:55,not checked in,1006,1050,2021-10-30 23:17:30,1012
7643,2002-10-15 16:57:46,completed,1007,1080,2021-10-24 05:55:42,1021
1699,2009-05-07 22:59:59,not checked in,1007,1063,2021-03-11 08:18:19,1005
5333,2016-07-15 17:36:23,checked in,1006,1050,2021-02-13 08:17:43,1031
5519,2010-11-18 05:01:24,checked in,1010,1086,2021-03-08 06:30:51,1099
4435,2016-06-21 03:11:51,checked in,1005,1031,2021-03-08 08:35:29,1046
1387,2015-04-08 16:43:40,completed,1010,1056,2021-06-16 07:10:23,1043
5113,2005-12-22 01:29:53,not checked in,1008,1043,2021-02-14 04:25:38,1062
7321,2005-10-10 12:09:39,not checked in,1007,1006,2021-08-21 09:59:38,1036
4129,2020-11-14 21:01:26,not checked in,1006,1003,2021-08-30 07:06:55,1088
3668,2000-12-28 13:34:28,checked in,1006,1051,2021-01-10 05:56:27,1062
3005,2014-04-18 01:25:06,checked in,1002,1020,2021-04-23 12:16:12,1055
4818,2014-01-23 20:51:44,completed,1001,1079,2021-05-06 17:30:52,1017
3654,2014-08-14 18:52:09,not checked in,1000,1027,2021-07-13 07:11:37,1018
8886,2001-03-26 08:11:43,checked in,1001,1095,2021-08-30 10:08:05,1084
6323,2006-10-05 13:42:48,completed,1005,1100,2021-05-08 14:41:36,1056
6584,2006-04-04 21:15:13,completed,1010,1068,2021-08-21 14:23:43,1093
5939,2014-04-29 12:07:16,completed,1004,1055,2020-11-25 17:41:20,1055
9995,2010-08-28 20:40:22,completed,1002,1090,2021-08-16 04:10:09,1002
3221,2017-03-07 12:40:36,checked in,1007,1004,2021-01-18 00:29:03,1020
4395,2007-05-24 01:36:04,checked in,1010,1075,2020-11-11 15:01:37,1034
5506,2005-02-06 16:32:53,not checked in,1009,1031,2021-10-06 00:23:08,1044
5070,2008-01-08 15:38:52,checked in,1010,1096,2021-07-19 16:39:27,1011
7254,2017-10-16 18:49:35,completed,1005,1092,2021-07-20 05:42:21,1017
5695,2009-12-13 19:11:45,checked in,1006,1001,2021-05-21 12:06:10,1075
8270,2002-06-15 15:33:18,completed,1002,1050,2021-06-30 21:30:57,1020
8984,2013-03-31 12:39:25,completed,1009,1022,2021-09-24 04:54:23,1072
2300,2014-12-31 02:58:22,completed,1007,1027,2021-08-10 06:33:47,1016
1526,2016-03-20 17:55:08,completed,1010,1022,2021-01-25 10:52:20,1024
3826,2003-12-09 10:06:53,checked in,1008,1017,2021-05-26 20:50:04,1056
6841,2021-08-20 08:00:21,checked in,1001,1075,2021-01-01 13:14:46,1071
2913,2015-07-27 23:26:00,not checked in,1005,1027,2021-01-14 01:28:13,1034
9988,2014-08-10 06:49:47,not checked in,1003,1036,2020-11-26 23:14:06,1046
5444,2013-09-09 07:46:55,completed,1007,1013,2021-10-28 17:06:00,1023
2264,2006-12-27 03:04:24,completed,1002,1072,2021-06-04 23:39:54,1076
3684,2016-08-25 11:33:59,checked in,1003,1001,2021-04-08 17:52:25,1060
6783,2012-10-01 02:21:38,not checked in,1006,1093,2021-04-22 17:33:46,1012
1092,2012-03-18 12:28:59,checked in,1010,1059,2021-07-15 17:11:20,1082
8976,2007-05-28 03:01:22,checked in,1007,1056,2021-05-20 10:00:26,1080
1400,2005-05-11 04:10:55,not checked in,1005,1066,2021-02-15 05:57:11,1097
2379,2019-02-19 06:37:28,not checked in,1001,1099,2021-05-10 03:37:48,1011
6485,2005-09-06 17:24:42,not checked in,1009,1000,2021-08-15 14:17:18,1013
3085,2001-12-24 16:25:09,completed,1002,1050,2021-04-15 08:27:06,1006
4804,2011-01-24 10:55:51,not checked in,1003,1035,2020-12-12 16:40:12,1067
6975,2004-06-29 23:40:16,checked in,1002,1029,2021-03-28 00:04:44,1025
2148,2007-01-24 13:08:05,not checked in,1004,1047,2020-12-22 09:07:28,1093
6764,2020-01-19 21:06:41,not checked in,1003,1047,2021-06-08 17:30:43,1098
9037,2003-10-23 20:23:56,checked in,1009,1031,2021-06-14 13:00:06,1091
3958,2013-06-03 19:51:47,completed,1005,1085,2021-02-22 03:00:49,1091
2740,2020-10-15 19:09:50,checked in,1009,1052,2020-12-21 03:07:52,1023
6305,2018-07-14 19:24:27,completed,1005,1062,2021-09-03 09:01:42,1004
3644,2011-08-15 11:53:53,not checked in,1010,1050,2020-12-31 12:24:30,1007
9875,2008-10-04 10:51:04,checked in,1010,1019,2021-07-11 23:23:12,1017
4576,2005-07-08 23:37:48,not checked in,1009,1034,2021-02-02 08:12:36,1042
8595,2020-03-27 02:57:56,completed,1006,1009,2021-05-06 09:42:55,1036
5743,2020-03-14 05:07:44,completed,1005,1080,2021-08-14 07:46:51,1074
9267,2019-06-18 20:29:02,completed,1004,1057,2021-10-09 06:23:15,1051
6956,2006-01-03 10:35:20,completed,1000,1024,2021-05-28 02:02:37,1064
1847,2012-11-15 06:48:58,completed,1006,1011,2021-05-11 02:52:56,1022
6261,2004-05-21 11:10:50,checked in,1010,1004,2020-12-21 08:29:55,1070
8796,2008-10-18 00:01:42,checked in,1004,1052,2021-05-03 11:39:29,1049
8249,2013-12-14 12:39:33,completed,1001,1042,2021-03-17 01:01:36,1072
7484,2007-02-03 22:16:11,completed,1004,1016,2021-08-25 02:33:42,1021
9983,2006-04-24 10:12:20,checked in,1001,1056,2021-01-19 17:14:30,1068
4527,2015-07-12 17:55:44,not checked in,1008,1093,2021-07-23 23:53:55,1026
4615,2008-04-29 09:11:51,checked in,1000,1016,2020-12-07 18:56:11,1061
1398,2006-04-18 07:14:43,not checked in,1006,1013,2021-03-22 15:44:48,1088
4669,2020-09-24 09:40:33,checked in,1009,1016,2021-10-12 22:55:57,1051
4324,2007-07-18 17:11:26,completed,1007,1076,2021-04-03 15:36:27,1036
9323,2015-11-14 04:51:56,not checked in,1002,1050,2021-08-04 00:37:14,1033
5320,2011-11-15 22:00:15,not checked in,1005,1017,2021-04-29 06:33:11,1039
3245,2002-10-17 14:29:51,not checked in,1006,1038,2021-09-19 04:45:47,1050
3775,2001-07-14 01:18:01,checked in,1003,1035,2021-08-04 13:19:28,1069
3566,2009-06-30 09:19:30,not checked in,1007,1073,2021-04-30 15:45:22,1062
6939,2003-09-05 18:57:49,not checked in,1002,1054,2021-03-13 00:33:40,1067
5037,2003-03-10 14:26:11,checked in,1009,1024,2021-01-18 02:08:41,1055
4433,2009-12-09 03:19:55,completed,1008,1027,2021-10-07 21:23:48,1027
2254,2019-10-04 09:46:57,not checked in,1006,1006,2021-09-15 23:06:34,1038
8992,2008-05-20 11:34:55,completed,1005,1018,2021-02-03 11:56:59,1007
1811,2010-01-01 21:40:54,completed,1003,1077,2021-07-07 07:45:06,1062
