prescriptionID,petID,vetID,status,createdAt
1001,1097,1009,prescribed,2021-08-24 11:18:18
1002,1228,1004,not prescribed,2021-06-27 01:41:00
1003,1136,1009,prescribed,2020-11-13 20:13:45
1004,1596,1006,not prescribed,2021-03-20 22:04:58
1005,1428,1010,prescribed,2021-08-04 09:05:38
1006,1253,1008,not prescribed,2021-10-25 11:59:37
1007,1900,1004,prescribed,2021-10-10 22:59:28
1008,1311,1004,not prescribed,2021-08-22 11:22:06
1009,1187,1004,prescribed,2021-05-17 08:00:51
1010,1182,1007,prescribed,2021-05-11 07:54:06
1011,1887,1008,not prescribed,2021-04-11 01:35:07
1012,1683,1002,prescribed,2021-08-06 18:00:22
1013,1803,1004,not prescribed,2021-03-21 04:20:27
1014,1981,1006,prescribed,2021-10-27 05:28:19
1015,1432,1006,not prescribed,2021-08-02 11:10:31
1016,1888,1001,not prescribed,2021-06-27 02:18:53
1017,1827,1003,prescribed,2021-04-15 02:04:37
1018,1922,1002,not prescribed,2021-04-19 01:23:32
1019,1787,1005,not prescribed,2021-09-25 14:31:50
1020,1881,1006,prescribed,2021-09-27 08:52:28
1021,1735,1002,not prescribed,2021-07-20 22:09:27
1022,1131,1004,prescribed,2021-09-27 22:41:08
1023,1489,1007,prescribed,2021-03-05 11:34:25
1024,1265,1009,prescribed,2021-06-01 18:48:57
1025,1640,1005,not prescribed,2021-01-17 17:06:01
1026,1939,1003,not prescribed,2021-07-07 06:57:44
1027,1691,1002,not prescribed,2021-09-26 04:41:08
1028,1105,1009,not prescribed,2020-11-19 21:20:50
1029,1182,1003,not prescribed,2021-07-14 03:41:17
1030,1295,1004,not prescribed,2021-03-09 16:37:34
1031,1908,1002,prescribed,2021-08-11 17:35:17
1032,1718,1009,not prescribed,2021-10-14 10:07:58
1033,1487,1002,not prescribed,2021-04-30 11:43:16
1034,1094,1003,not prescribed,2020-11-09 19:00:17
1035,1650,1007,not prescribed,2021-03-09 16:47:23
1036,1423,1007,prescribed,2021-03-14 14:43:44
1037,1752,1005,not prescribed,2021-10-18 00:27:29
1038,1361,1007,not prescribed,2021-02-18 06:59:43
1039,1647,1010,prescribed,2021-07-22 14:09:34
1040,1121,1003,prescribed,2020-12-11 00:13:19
1041,1347,1009,prescribed,2021-06-14 17:26:37
1042,1537,1003,not prescribed,2021-10-01 17:40:12
1043,1249,1010,prescribed,2021-01-15 09:00:35
1044,1577,1007,not prescribed,2021-07-16 01:35:33
1045,1264,1001,not prescribed,2021-01-10 04:09:18
1046,1490,1001,not prescribed,2020-11-21 10:25:56
1047,1659,1009,prescribed,2021-07-08 23:11:56
1048,1417,1008,not prescribed,2021-02-24 10:58:42
1049,1256,1006,prescribed,2021-08-20 02:13:23
1050,1007,1002,prescribed,2020-12-26 00:35:17
1051,1994,1004,prescribed,2021-04-08 10:12:48
1052,1692,1007,not prescribed,2020-12-27 10:40:23
1053,1381,1007,not prescribed,2021-05-17 22:23:09
1054,1174,1009,not prescribed,2020-11-21 14:41:12
1055,1146,1005,prescribed,2020-12-07 22:04:33
1056,1304,1008,prescribed,2021-03-08 17:31:08
1057,1763,1007,not prescribed,2021-10-12 19:17:44
1058,1165,1003,prescribed,2021-06-07 18:44:26
1059,1957,1002,not prescribed,2020-12-29 10:16:42
1060,1884,1004,prescribed,2021-03-29 15:26:18
1061,1495,1005,not prescribed,2021-07-27 09:55:32
1062,1698,1004,not prescribed,2021-10-19 23:05:47
1063,1969,1010,not prescribed,2021-09-30 19:31:00
1064,1830,1009,prescribed,2021-10-14 17:56:04
1065,1950,1003,prescribed,2021-04-16 14:43:25
1066,1982,1009,prescribed,2021-07-29 00:09:40
1067,1942,1003,prescribed,2021-06-07 19:48:42
1068,1556,1007,not prescribed,2021-10-18 19:03:30
1069,1840,1005,prescribed,2021-11-06 02:01:40
1070,1998,1007,prescribed,2021-09-30 17:54:38
1071,1844,1010,not prescribed,2021-01-29 15:17:42
1072,1451,1004,not prescribed,2021-07-22 15:45:20
1073,1055,1002,prescribed,2021-03-10 04:13:12
1074,1216,1008,prescribed,2021-06-20 13:56:27
1075,1049,1001,prescribed,2021-01-15 09:42:22
1076,1847,1010,not prescribed,2021-06-26 00:18:53
1077,1275,1002,prescribed,2021-04-30 13:25:00
1078,1809,1009,not prescribed,2021-10-04 17:14:53
1079,1946,1009,not prescribed,2021-07-14 22:59:16
1080,1343,1004,prescribed,2021-10-03 11:51:41
1081,1739,1003,prescribed,2021-02-15 11:55:44
1082,1409,1001,not prescribed,2021-03-27 19:35:37
1083,1191,1007,prescribed,2020-11-10 01:51:37
1084,1114,1006,not prescribed,2021-08-16 10:36:08
1085,1362,1009,prescribed,2021-05-31 17:29:00
1086,1939,1002,not prescribed,2021-01-28 05:39:05
1087,1336,1009,not prescribed,2021-03-14 04:17:19
1088,1261,1007,not prescribed,2020-12-10 08:07:16
1089,1636,1009,prescribed,2021-03-09 21:21:04
1090,1445,1005,not prescribed,2021-07-14 09:37:23
1091,1970,1010,prescribed,2021-03-28 17:22:59
1092,1825,1002,prescribed,2020-12-13 15:04:43
1093,1154,1009,prescribed,2020-12-13 09:47:11
1094,1568,1008,not prescribed,2021-01-05 02:51:44
1095,1759,1009,prescribed,2021-10-20 15:16:27
1096,1009,1009,not prescribed,2021-10-17 14:34:56
1097,1957,1006,not prescribed,2021-03-29 19:32:38
1098,1608,1001,not prescribed,2021-02-10 04:20:26
1099,1536,1010,prescribed,2021-05-19 02:31:37
1100,1633,1009,prescribed,2021-01-09 12:04:19
1101,1662,1003,not prescribed,2021-06-10 06:42:41
1102,1112,1007,not prescribed,2021-01-25 04:42:03
1103,1521,1005,not prescribed,2021-07-05 18:20:16
1104,1851,1007,not prescribed,2021-08-06 14:44:10
1105,1583,1005,not prescribed,2020-12-06 23:01:09
1106,1578,1003,not prescribed,2021-11-05 13:32:43
1107,1062,1007,prescribed,2021-08-30 10:22:48
1108,1726,1001,prescribed,2021-05-27 17:15:35
1109,1477,1003,prescribed,2021-09-30 01:17:08
1110,1733,1007,not prescribed,2021-10-24 11:20:59
1111,1828,1001,prescribed,2021-04-24 06:01:28
1112,1709,1002,prescribed,2021-05-04 12:14:36
1113,1282,1004,prescribed,2020-11-19 07:00:40
1114,1368,1010,not prescribed,2021-02-12 05:55:09
1115,1535,1009,prescribed,2020-12-14 12:59:21
1116,1017,1006,not prescribed,2021-02-08 17:19:54
1117,1541,1006,prescribed,2021-01-15 23:04:33
1118,1574,1008,not prescribed,2021-10-11 22:27:33
1119,1751,1002,prescribed,2021-04-07 11:05:58
1120,1241,1001,prescribed,2020-12-31 01:12:52
1121,1175,1005,prescribed,2021-09-27 20:32:44
1122,1038,1010,not prescribed,2020-12-14 04:33:32
1123,1076,1010,prescribed,2021-11-05 01:56:23
1124,1784,1005,not prescribed,2021-03-07 11:03:37
1125,1337,1006,not prescribed,2021-07-15 08:59:38
1126,1500,1009,prescribed,2021-06-09 13:08:11
1127,1923,1010,not prescribed,2021-01-04 15:32:24
1128,1862,1004,prescribed,2021-09-02 17:14:23
1129,1415,1007,prescribed,2021-09-17 16:13:02
1130,1840,1003,prescribed,2021-03-12 19:29:50
1131,1760,1008,prescribed,2021-02-22 06:01:48
1132,1025,1006,prescribed,2021-04-14 19:01:34
1133,1391,1004,not prescribed,2021-05-22 06:54:31
1134,1377,1005,prescribed,2021-09-16 15:54:59
1135,1758,1008,not prescribed,2021-07-30 01:22:36
1136,1889,1001,prescribed,2021-01-20 01:36:30
1137,1863,1006,prescribed,2021-02-15 07:27:34
1138,1979,1008,prescribed,2021-08-12 16:09:20
1139,1271,1003,not prescribed,2021-06-15 16:53:47
1140,1035,1008,prescribed,2021-08-29 23:30:43
1141,1900,1010,not prescribed,2021-05-12 08:15:12
1142,1438,1004,not prescribed,2021-06-28 05:23:44
1143,1648,1005,not prescribed,2021-06-20 09:19:24
1144,1040,1008,prescribed,2021-03-10 06:03:11
1145,1407,1006,prescribed,2021-09-05 09:20:26
1146,1342,1001,prescribed,2021-07-06 00:14:59
1147,1559,1005,not prescribed,2021-01-14 22:42:33
1148,1855,1008,not prescribed,2021-08-19 20:59:19
1149,1752,1001,not prescribed,2021-10-21 17:15:44
1150,1534,1002,not prescribed,2021-03-11 21:49:07
1151,1861,1007,not prescribed,2021-04-06 03:51:16
1152,1645,1010,prescribed,2021-09-05 14:12:59
1153,1992,1001,not prescribed,2021-02-22 21:03:21
1154,1467,1006,not prescribed,2021-08-10 21:55:54
1155,1903,1002,prescribed,2021-07-05 04:47:29
1156,1107,1007,prescribed,2020-11-14 18:52:59
1157,1551,1001,not prescribed,2021-01-05 22:42:30
1158,1882,1002,not prescribed,2021-07-04 13:19:42
1159,1452,1003,prescribed,2021-06-08 09:29:04
1160,1132,1008,prescribed,2020-12-20 21:01:03
1161,1320,1004,prescribed,2021-10-22 14:12:26
1162,1818,1010,not prescribed,2021-10-27 17:26:17
1163,1841,1010,not prescribed,2020-12-24 13:08:31
1164,1180,1004,not prescribed,2021-07-11 22:42:48
1165,1076,1005,not prescribed,2021-02-04 19:15:44
1166,1111,1001,prescribed,2021-08-18 09:51:36
1167,1264,1001,prescribed,2021-05-20 18:35:07
1168,1395,1003,prescribed,2021-04-04 06:33:00
1169,1027,1008,prescribed,2021-09-21 08:10:27
1170,1209,1005,not prescribed,2021-09-11 04:07:43
1171,1248,1005,prescribed,2021-04-12 14:36:08
1172,1962,1003,not prescribed,2021-09-07 12:12:50
1173,1652,1009,prescribed,2021-04-19 02:16:46
1174,1380,1009,not prescribed,2021-03-31 21:26:49
1175,1981,1010,not prescribed,2021-10-28 14:41:45
1176,1282,1002,not prescribed,2021-02-23 21:44:40
1177,1595,1004,prescribed,2021-03-01 16:35:33
1178,1791,1004,prescribed,2021-10-11 09:40:36
1179,1927,1007,prescribed,2021-08-28 03:34:32
1180,1336,1002,prescribed,2021-04-21 10:40:38
1181,1589,1004,prescribed,2021-02-05 20:28:30
1182,1013,1010,prescribed,2020-11-29 04:56:17
1183,1994,1006,prescribed,2020-12-30 23:33:37
1184,1706,1006,prescribed,2020-12-22 18:36:05
1185,1534,1009,not prescribed,2021-07-05 08:07:30
1186,1726,1001,prescribed,2020-11-20 04:42:00
1187,1788,1005,not prescribed,2021-01-27 18:57:22
1188,1295,1002,prescribed,2021-06-13 20:03:30
1189,1788,1006,not prescribed,2021-08-12 09:08:12
1190,1068,1001,not prescribed,2021-04-23 11:56:09
1191,1588,1006,prescribed,2021-06-10 16:00:03
1192,1029,1009,prescribed,2020-12-13 04:04:30
1193,1074,1007,not prescribed,2021-08-31 22:54:22
1194,1950,1007,not prescribed,2021-07-21 09:53:17
1195,1902,1006,not prescribed,2021-04-23 14:07:50
1196,1462,1006,prescribed,2021-05-25 09:07:24
1197,1737,1010,prescribed,2020-12-20 05:20:48
1198,1575,1009,not prescribed,2021-05-26 06:21:55
1199,1657,1009,not prescribed,2021-08-08 19:06:05
1200,1042,1003,not prescribed,2021-03-18 08:22:08
1201,1637,1003,not prescribed,2021-07-10 15:14:22
1202,1497,1008,not prescribed,2021-10-09 11:10:28
1203,1952,1005,not prescribed,2021-09-15 03:54:18
1204,1336,1004,prescribed,2021-07-27 06:59:55
1205,1086,1007,prescribed,2021-04-29 09:32:45
1206,1159,1007,not prescribed,2021-05-01 18:34:45
1207,1842,1007,prescribed,2021-04-27 13:56:33
1208,1117,1004,not prescribed,2020-12-12 13:27:00
1209,1996,1005,not prescribed,2021-07-23 22:57:35
1210,1868,1006,prescribed,2021-10-04 22:08:14
1211,1021,1002,prescribed,2021-06-28 12:14:06
1212,1798,1003,prescribed,2020-11-24 10:46:57
1213,1906,1010,prescribed,2021-09-23 21:36:23
1214,1888,1007,prescribed,2021-06-01 04:28:01
1215,1826,1010,not prescribed,2021-08-19 05:00:28
1216,1163,1010,not prescribed,2020-12-24 04:04:14
1217,1292,1001,prescribed,2021-02-10 08:15:49
1218,1097,1003,not prescribed,2021-07-06 17:24:56
1219,1241,1001,not prescribed,2021-03-01 04:16:12
1220,1006,1004,prescribed,2021-02-04 00:10:15
1221,1622,1010,prescribed,2021-05-17 15:08:14
1222,1973,1010,prescribed,2021-08-19 12:21:12
1223,1923,1006,not prescribed,2021-05-17 13:21:44
1224,1361,1005,not prescribed,2021-03-22 09:41:50
1225,1738,1002,prescribed,2021-03-25 07:00:47
1226,1170,1010,prescribed,2021-05-14 06:51:55
1227,1281,1009,prescribed,2021-04-21 10:43:53
1228,1434,1005,prescribed,2020-12-04 16:14:57
1229,1241,1001,prescribed,2021-01-04 01:37:45
1230,1544,1010,prescribed,2021-07-07 13:30:45
1231,1071,1010,prescribed,2021-07-15 04:02:25
1232,1550,1004,prescribed,2021-07-11 04:01:49
1233,1720,1009,not prescribed,2021-02-24 07:22:05
1234,1818,1005,not prescribed,2020-12-04 18:56:35
1235,1332,1010,not prescribed,2021-04-16 04:43:53
1236,1635,1005,not prescribed,2021-09-23 13:39:08
1237,1940,1004,not prescribed,2021-09-04 10:43:45
1238,1557,1010,prescribed,2021-04-11 02:55:36
1239,1083,1007,prescribed,2021-07-04 06:33:51
1240,1650,1001,not prescribed,2021-02-26 15:19:11
1241,1371,1005,not prescribed,2021-03-02 15:42:46
1242,1624,1002,prescribed,2021-03-16 19:14:51
1243,1813,1002,not prescribed,2021-06-11 15:26:21
1244,1517,1002,not prescribed,2021-02-07 15:05:47
1245,1977,1001,prescribed,2021-08-31 11:50:30
1246,1825,1002,prescribed,2021-11-04 00:00:50
1247,1843,1010,prescribed,2021-03-01 19:42:25
1248,1764,1006,not prescribed,2021-10-17 22:56:13
1249,1187,1008,prescribed,2021-10-17 16:30:23
1250,1402,1007,not prescribed,2021-06-03 15:15:54
1251,1097,1009,prescribed,2021-05-10 11:08:14
1252,1190,1002,not prescribed,2021-11-04 01:44:30
1253,1397,1003,not prescribed,2021-05-10 00:47:05
1254,1009,1006,not prescribed,2021-09-17 04:50:34
1255,1577,1005,prescribed,2021-09-29 00:36:26
1256,1778,1010,not prescribed,2021-10-14 23:18:45
1257,1032,1001,prescribed,2021-07-22 01:52:51
1258,1208,1010,not prescribed,2021-05-15 21:09:27
1259,1618,1006,not prescribed,2021-05-10 07:49:49
1260,1953,1007,not prescribed,2021-09-09 01:49:18
1261,1325,1006,prescribed,2021-08-05 09:47:51
1262,1968,1010,not prescribed,2021-10-16 05:13:13
1263,1070,1004,prescribed,2020-12-04 07:22:06
1264,1886,1006,not prescribed,2021-10-01 04:52:58
1265,1607,1004,prescribed,2021-07-22 22:24:28
1266,1979,1002,prescribed,2021-03-31 01:20:44
1267,1685,1009,prescribed,2021-04-29 15:37:06
1268,1057,1008,prescribed,2021-03-20 02:53:47
1269,1085,1003,not prescribed,2021-08-20 15:36:30
1270,1044,1008,not prescribed,2020-12-04 03:55:13
1271,1410,1001,not prescribed,2021-01-04 23:11:49
1272,1841,1010,prescribed,2020-11-25 02:09:53
1273,1692,1010,prescribed,2021-04-30 16:04:15
1274,1869,1010,not prescribed,2021-04-18 23:00:53
1275,1522,1002,not prescribed,2021-08-20 12:12:34
1276,1702,1003,not prescribed,2021-02-18 08:25:34
1277,1125,1010,not prescribed,2021-07-17 10:17:13
1278,1828,1001,not prescribed,2021-03-26 16:26:21
1279,1686,1005,prescribed,2021-06-23 11:02:55
1280,1432,1006,prescribed,2020-12-24 02:49:37
1281,1896,1004,prescribed,2021-07-09 14:57:44
1282,1218,1003,not prescribed,2021-06-01 14:13:38
1283,1316,1005,prescribed,2021-10-27 21:02:34
1284,1265,1009,not prescribed,2021-10-05 17:33:00
1285,1323,1007,prescribed,2021-06-17 12:33:59
1286,1674,1006,prescribed,2021-09-01 21:35:06
1287,1008,1006,not prescribed,2021-02-26 09:58:23
1288,1602,1009,prescribed,2020-11-09 01:35:30
1289,1067,1008,not prescribed,2021-06-12 20:12:01
1290,1618,1006,prescribed,2021-09-09 18:44:44
1291,1767,1005,not prescribed,2021-08-18 11:41:13
1292,1596,1001,prescribed,2021-06-28 04:01:18
1293,1874,1006,not prescribed,2021-05-26 14:37:25
1294,1769,1009,not prescribed,2020-12-11 16:19:08
1295,1943,1008,not prescribed,2020-12-08 16:03:56
1296,1638,1009,not prescribed,2021-04-06 20:43:32
1297,1173,1007,prescribed,2021-06-15 05:20:43
1298,1748,1005,not prescribed,2021-03-12 03:18:12
1299,1309,1007,prescribed,2021-09-28 19:33:08
1300,1210,1003,prescribed,2021-03-20 20:38:03
1301,1748,1010,not prescribed,2021-10-17 03:38:26
1302,1965,1002,prescribed,2021-03-02 00:13:13
1303,1546,1001,not prescribed,2021-09-08 16:15:31
1304,1535,1009,prescribed,2020-12-16 06:54:46
1305,1134,1009,prescribed,2020-12-29 08:46:38
1306,1375,1007,not prescribed,2021-02-05 03:59:01
1307,1785,1010,prescribed,2020-11-27 19:22:34
1308,1836,1006,prescribed,2021-08-27 06:27:22
1309,1872,1006,not prescribed,2021-09-23 01:01:37
1310,1839,1001,prescribed,2021-01-30 20:56:11
1311,1285,1001,prescribed,2021-02-09 21:22:13
1312,1802,1001,not prescribed,2021-06-04 12:37:03
1313,1452,1001,not prescribed,2020-12-17 05:17:09
1314,1711,1010,prescribed,2021-11-03 11:42:21
1315,1020,1004,prescribed,2021-01-22 00:07:13
1316,1960,1005,prescribed,2020-12-04 11:20:25
1317,1197,1010,prescribed,2021-02-11 07:15:09
1318,1167,1003,not prescribed,2021-05-11 02:42:00
1319,1047,1007,not prescribed,2020-11-16 18:24:47
1320,1720,1004,not prescribed,2021-04-03 21:03:49
1321,1030,1002,prescribed,2021-02-04 04:44:09
1322,1741,1004,not prescribed,2021-03-02 01:09:20
1323,1731,1004,not prescribed,2020-11-25 23:57:00
1324,1709,1006,prescribed,2021-06-06 15:12:04
1325,1220,1003,not prescribed,2020-12-22 04:04:25
1326,1529,1006,not prescribed,2021-05-05 05:57:44
1327,1293,1008,prescribed,2021-02-16 15:23:51
1328,1201,1010,not prescribed,2021-05-24 10:15:42
1329,1459,1003,not prescribed,2021-08-08 12:10:52
1330,1952,1002,prescribed,2021-06-12 10:10:34
1331,1572,1001,not prescribed,2021-04-28 08:06:25
1332,1705,1003,prescribed,2021-05-02 14:15:49
1333,1910,1004,prescribed,2021-06-29 18:36:33
1334,1760,1004,prescribed,2021-01-05 04:48:03
1335,1500,1001,not prescribed,2021-02-01 08:52:21
1336,1486,1007,not prescribed,2021-07-13 11:10:37
1337,1334,1008,not prescribed,2020-12-14 11:37:06
1338,1254,1006,prescribed,2021-03-18 22:20:05
1339,1590,1001,not prescribed,2021-02-01 10:37:42
1340,1727,1009,not prescribed,2021-10-27 02:24:14
1341,1896,1009,prescribed,2020-12-11 00:25:24
1342,1521,1002,prescribed,2021-06-12 09:29:52
1343,1849,1001,prescribed,2020-11-19 13:46:21
1344,1021,1001,not prescribed,2021-03-22 08:20:46
1345,1147,1003,not prescribed,2021-09-09 12:20:31
1346,1874,1007,not prescribed,2021-03-02 08:18:05
1347,1575,1001,prescribed,2020-12-26 07:22:20
1348,1324,1002,not prescribed,2021-08-14 06:53:28
1349,1289,1006,prescribed,2021-04-30 15:07:26
1350,1251,1001,not prescribed,2021-06-17 21:55:22
1351,1032,1004,not prescribed,2021-05-11 20:55:34
1352,1127,1008,prescribed,2021-10-14 08:45:22
1353,1938,1004,not prescribed,2021-02-20 15:16:50
1354,1300,1009,not prescribed,2021-01-25 06:37:15
1355,1098,1010,prescribed,2021-04-10 21:38:10
1356,1138,1005,prescribed,2020-12-02 07:07:44
1357,1556,1003,not prescribed,2021-02-26 17:59:30
1358,1491,1002,prescribed,2021-09-14 20:59:50
1359,1889,1009,prescribed,2021-04-05 10:10:18
1360,1427,1004,prescribed,2021-07-05 09:33:40
1361,1748,1009,prescribed,2021-07-03 10:41:56
1362,1594,1009,prescribed,2021-05-21 23:05:54
1363,1858,1010,not prescribed,2020-11-13 15:28:32
1364,1906,1010,not prescribed,2021-10-27 20:08:12
1365,1908,1005,prescribed,2020-12-06 03:56:10
1366,1561,1006,not prescribed,2021-08-18 22:16:59
1367,1005,1002,not prescribed,2021-03-07 03:48:55
1368,1765,1003,prescribed,2021-09-01 18:18:33
1369,1287,1001,prescribed,2020-11-17 19:53:57
1370,1975,1010,not prescribed,2021-05-06 19:37:44
1371,1809,1005,not prescribed,2021-05-08 13:36:16
1372,1056,1008,not prescribed,2021-09-19 02:13:09
1373,1518,1002,prescribed,2021-05-23 18:22:30
1374,1248,1004,not prescribed,2021-03-28 02:02:15
1375,1450,1002,prescribed,2021-08-21 14:26:22
1376,1936,1001,prescribed,2021-10-03 03:53:48
1377,1650,1001,not prescribed,2021-08-25 23:37:28
1378,1088,1004,prescribed,2020-11-20 15:47:26
1379,1762,1005,prescribed,2021-07-14 14:47:02
1380,1039,1004,prescribed,2021-05-22 13:00:43
1381,1853,1002,prescribed,2020-12-31 04:25:50
1382,1053,1009,prescribed,2020-11-21 19:28:59
1383,1129,1010,prescribed,2021-04-06 03:27:07
1384,1475,1008,not prescribed,2020-12-31 20:56:53
1385,1811,1008,prescribed,2021-01-08 17:31:08
1386,1457,1006,prescribed,2021-02-13 23:16:44
1387,1353,1008,not prescribed,2020-11-15 20:57:03
1388,1070,1010,prescribed,2020-11-13 14:24:50
1389,1917,1005,prescribed,2021-09-12 05:35:24
1390,1868,1003,prescribed,2021-10-11 04:11:42
1391,1749,1009,not prescribed,2020-12-26 16:38:44
1392,1654,1010,not prescribed,2021-07-01 20:12:30
1393,1704,1004,prescribed,2021-09-23 04:08:49
1394,1732,1008,prescribed,2021-08-27 11:28:25
1395,1009,1001,prescribed,2021-11-03 07:18:22
1396,1318,1004,prescribed,2021-03-27 19:52:02
1397,1662,1010,prescribed,2021-09-05 21:20:23
1398,1294,1010,prescribed,2020-12-06 06:00:35
1399,1222,1010,prescribed,2021-05-06 10:38:24
1400,1282,1002,not prescribed,2021-03-15 19:58:17
1401,1536,1007,prescribed,2021-09-20 01:09:54
1402,1180,1008,prescribed,2021-07-16 23:28:11
1403,1680,1009,not prescribed,2021-02-05 11:10:26
1404,1573,1003,prescribed,2021-05-18 07:00:45
1405,1996,1005,not prescribed,2020-12-18 18:48:44
1406,1390,1007,prescribed,2021-04-12 09:40:57
1407,1067,1001,prescribed,2021-02-18 23:26:52
1408,1079,1003,not prescribed,2021-08-10 06:27:31
1409,1515,1004,prescribed,2021-05-14 07:24:44
1410,1708,1004,prescribed,2021-09-15 20:25:03
1411,1465,1005,not prescribed,2020-12-08 22:41:46
1412,1957,1002,not prescribed,2021-03-07 04:42:52
1413,1816,1002,not prescribed,2020-12-26 08:34:26
1414,1147,1001,not prescribed,2020-12-22 16:19:18
1415,1572,1010,not prescribed,2021-02-07 09:50:48
1416,1703,1002,prescribed,2021-06-12 05:44:25
1417,1581,1003,prescribed,2021-03-03 18:08:46
1418,1670,1006,prescribed,2021-07-26 07:12:48
1419,1011,1007,prescribed,2021-08-30 22:42:58
1420,1140,1008,prescribed,2021-01-10 19:03:45
1421,1900,1009,prescribed,2021-05-22 18:51:45
1422,1244,1004,prescribed,2021-04-28 17:23:26
1423,1089,1004,prescribed,2021-03-14 13:03:41
1424,1659,1002,prescribed,2021-03-10 15:34:59
1425,1440,1001,prescribed,2021-01-23 07:16:46
1426,1003,1003,not prescribed,2021-10-24 08:49:16
1427,1464,1010,prescribed,2021-10-28 13:27:20
1428,1648,1006,prescribed,2021-05-07 13:31:07
1429,1575,1006,not prescribed,2020-11-19 01:23:19
1430,1272,1006,not prescribed,2021-04-18 04:48:31
1431,1261,1002,not prescribed,2021-07-19 15:54:30
1432,1816,1008,prescribed,2021-01-12 11:32:39
1433,1843,1003,prescribed,2021-09-10 08:52:26
1434,1735,1001,prescribed,2021-10-05 14:16:15
1435,1991,1003,prescribed,2020-11-30 15:22:21
1436,1384,1010,not prescribed,2021-07-11 07:58:14
1437,1293,1002,prescribed,2021-10-15 19:44:41
1438,1016,1009,not prescribed,2021-04-27 13:50:34
1439,1982,1008,not prescribed,2020-11-21 12:46:15
1440,1383,1007,not prescribed,2021-02-26 14:41:21
1441,1526,1006,prescribed,2021-05-03 08:25:02
1442,1952,1007,prescribed,2021-09-07 09:25:56
1443,1267,1007,prescribed,2021-09-21 23:12:51
1444,1183,1008,prescribed,2021-03-23 23:02:45
1445,1059,1001,not prescribed,2020-12-15 08:07:04
1446,1093,1005,not prescribed,2021-08-20 04:09:29
1447,1894,1001,not prescribed,2021-07-03 15:27:08
1448,1656,1002,not prescribed,2020-12-02 09:55:58
1449,1111,1004,not prescribed,2021-01-11 16:53:04
1450,1242,1003,prescribed,2021-03-09 04:24:06
1451,1257,1001,not prescribed,2021-09-23 07:48:11
1452,1264,1004,not prescribed,2021-04-02 13:57:03
1453,1226,1003,prescribed,2021-09-23 02:15:44
1454,1736,1002,prescribed,2020-11-10 03:13:29
1455,1672,1003,prescribed,2021-10-23 10:15:19
1456,1150,1003,not prescribed,2021-06-15 12:38:33
1457,1344,1002,not prescribed,2021-01-04 07:56:22
1458,1613,1002,prescribed,2021-03-11 07:26:23
1459,1904,1010,not prescribed,2021-08-03 04:12:26
1460,1494,1010,prescribed,2021-02-07 21:42:25
1461,1996,1001,not prescribed,2021-04-05 19:30:04
1462,1274,1006,prescribed,2021-07-19 10:39:50
1463,1591,1007,not prescribed,2021-05-03 13:12:40
1464,1199,1010,not prescribed,2021-06-12 02:03:36
1465,1852,1003,prescribed,2021-03-27 04:26:12
1466,1892,1002,prescribed,2021-09-11 14:12:37
1467,1457,1005,not prescribed,2021-08-30 17:52:51
1468,1775,1002,prescribed,2021-05-12 01:42:58
1469,1365,1003,not prescribed,2021-10-04 20:59:17
1470,1556,1003,not prescribed,2021-10-12 01:32:43
1471,1490,1001,prescribed,2020-12-19 20:49:31
1472,1278,1003,prescribed,2021-08-01 06:55:26
1473,1310,1003,prescribed,2021-04-22 10:40:07
1474,1785,1009,not prescribed,2021-01-20 10:10:45
1475,1497,1009,prescribed,2021-08-12 05:34:04
1476,1838,1005,prescribed,2021-04-21 22:59:36
1477,1688,1001,prescribed,2021-08-13 12:59:41
1478,1827,1001,not prescribed,2021-03-22 15:48:09
1479,1627,1004,not prescribed,2021-03-05 10:41:19
1480,1530,1008,not prescribed,2021-07-03 01:46:15
1481,1089,1002,not prescribed,2021-01-06 16:45:07
1482,1280,1001,not prescribed,2021-05-21 16:09:42
1483,1468,1002,not prescribed,2021-04-23 20:39:14
1484,1277,1009,prescribed,2021-05-05 11:08:03
1485,1247,1002,prescribed,2021-06-20 15:30:16
1486,1344,1008,prescribed,2021-07-11 09:04:25
1487,1923,1005,not prescribed,2021-02-22 00:51:13
1488,1593,1009,prescribed,2021-11-06 21:17:05
1489,1928,1010,prescribed,2021-01-03 11:43:55
1490,1195,1008,not prescribed,2021-10-30 04:48:56
1491,1865,1003,prescribed,2021-06-10 01:10:40
1492,1409,1010,prescribed,2021-01-31 20:57:31
1493,1025,1001,not prescribed,2021-09-08 03:01:00
1494,1893,1010,not prescribed,2021-09-28 11:32:54
1495,1463,1004,not prescribed,2021-03-18 07:03:08
1496,1901,1006,not prescribed,2021-08-07 09:06:59
1497,1573,1007,prescribed,2021-08-04 02:27:06
1498,1314,1009,prescribed,2021-06-24 09:43:49
1499,1456,1006,not prescribed,2020-12-27 03:24:08
1500,1091,1007,prescribed,2021-10-19 13:35:22
1501,1078,1009,prescribed,2021-04-15 22:09:58
1502,1973,1009,not prescribed,2021-03-01 23:19:24
1503,1967,1007,not prescribed,2021-02-17 08:01:33
1504,1650,1006,prescribed,2021-04-26 23:20:57
1505,1898,1001,not prescribed,2021-10-21 21:15:02
1506,1334,1008,prescribed,2021-05-03 03:55:51
1507,1149,1008,prescribed,2020-12-30 12:54:11
1508,1186,1004,not prescribed,2021-09-19 00:01:19
1509,1793,1004,prescribed,2020-11-29 15:10:07
1510,1380,1009,prescribed,2020-11-19 17:32:10
1511,1651,1006,not prescribed,2021-07-11 06:02:08
1512,1923,1001,prescribed,2021-08-11 09:12:59
1513,1065,1001,prescribed,2021-09-20 02:40:53
1514,1300,1008,not prescribed,2021-04-27 22:54:45
1515,1350,1001,prescribed,2021-06-06 15:00:29
1516,1686,1004,not prescribed,2021-05-04 18:31:25
1517,1807,1010,not prescribed,2021-03-31 23:13:27
1518,1441,1004,not prescribed,2021-05-25 08:19:35
1519,1984,1009,prescribed,2021-04-12 11:13:25
1520,1912,1010,prescribed,2020-11-12 16:21:05
1521,1618,1002,not prescribed,2021-09-30 16:39:16
1522,1634,1001,not prescribed,2020-12-19 09:55:50
1523,1673,1006,not prescribed,2020-12-03 08:27:23
1524,1928,1008,prescribed,2021-02-02 07:54:59
1525,1467,1007,not prescribed,2021-04-23 05:05:57
1526,1267,1003,prescribed,2021-09-28 15:26:20
1527,1776,1004,not prescribed,2021-04-05 08:58:15
1528,1422,1008,prescribed,2021-09-07 23:25:43
1529,1603,1010,not prescribed,2021-07-28 08:03:05
1530,1930,1001,prescribed,2021-06-19 01:46:09
1531,1858,1005,not prescribed,2021-08-08 20:34:09
1532,1952,1004,not prescribed,2021-09-26 04:53:18
1533,1619,1008,not prescribed,2021-01-16 14:24:23
1534,1788,1008,prescribed,2021-06-17 07:40:54
1535,1088,1008,not prescribed,2021-02-07 08:01:33
1536,1784,1009,not prescribed,2021-04-17 23:47:40
1537,1164,1010,prescribed,2021-02-04 03:46:58
1538,1781,1008,not prescribed,2021-04-24 08:28:39
1539,1639,1010,not prescribed,2021-02-05 14:46:59
1540,1648,1005,not prescribed,2021-02-14 06:06:09
1541,1560,1003,not prescribed,2021-11-05 22:07:27
1542,1219,1009,prescribed,2021-06-11 12:32:34
1543,1209,1006,not prescribed,2021-04-23 11:55:35
1544,1068,1008,prescribed,2020-11-13 03:48:40
1545,1707,1006,not prescribed,2021-09-29 12:53:53
1546,1813,1008,not prescribed,2021-03-14 04:21:07
1547,1458,1003,prescribed,2021-01-01 06:59:13
1548,1367,1003,not prescribed,2021-03-17 17:25:30
1549,1663,1007,prescribed,2021-08-04 01:13:53
1550,1410,1007,prescribed,2020-11-12 04:57:11
1551,1223,1009,prescribed,2021-07-13 03:01:09
1552,1973,1004,prescribed,2020-11-08 23:00:26
1553,1098,1001,not prescribed,2021-08-14 02:05:45
1554,1967,1007,not prescribed,2020-11-19 11:52:21
1555,1683,1001,not prescribed,2021-06-12 08:11:15
1556,1617,1008,not prescribed,2020-12-06 23:00:53
1557,1691,1009,prescribed,2020-11-09 12:50:41
1558,1730,1001,not prescribed,2021-10-30 03:05:41
1559,1984,1002,not prescribed,2021-08-30 10:52:21
1560,1579,1008,not prescribed,2021-11-01 14:09:42
1561,1360,1001,not prescribed,2021-02-18 19:03:55
1562,1534,1007,prescribed,2020-11-08 06:15:02
1563,1425,1006,not prescribed,2021-08-13 17:59:32
1564,1257,1008,prescribed,2021-03-29 17:30:54
1565,1218,1007,not prescribed,2021-07-02 20:39:47
1566,1889,1009,prescribed,2021-03-21 13:35:41
1567,1721,1001,prescribed,2021-03-12 11:36:02
1568,1296,1008,not prescribed,2021-09-01 02:55:53
1569,1478,1005,not prescribed,2021-06-01 21:19:31
1570,1019,1003,not prescribed,2021-09-26 23:04:10
1571,1213,1005,prescribed,2021-05-15 07:23:58
1572,1710,1003,not prescribed,2021-01-07 08:01:59
1573,1566,1010,not prescribed,2021-01-29 03:25:56
1574,1839,1003,not prescribed,2021-10-13 19:55:07
1575,1323,1004,prescribed,2021-10-13 05:43:30
1576,1974,1007,prescribed,2021-10-20 22:35:44
1577,1648,1001,not prescribed,2021-06-07 00:26:31
1578,1591,1005,not prescribed,2021-02-03 18:46:05
1579,1033,1001,not prescribed,2020-11-27 11:18:39
1580,1003,1006,prescribed,2020-11-13 05:22:57
1581,1584,1004,not prescribed,2021-04-24 14:50:08
1582,1276,1009,not prescribed,2021-03-12 00:03:31
1583,1924,1002,not prescribed,2020-11-10 19:51:09
1584,1068,1006,not prescribed,2021-08-24 18:10:23
1585,1571,1008,not prescribed,2021-05-19 01:24:43
1586,1824,1001,not prescribed,2021-08-23 04:36:51
1587,1037,1006,not prescribed,2021-06-03 02:45:01
1588,1824,1004,not prescribed,2021-08-11 14:07:17
1589,1332,1004,prescribed,2021-02-05 01:59:12
1590,1377,1003,prescribed,2020-12-22 16:18:06
1591,1112,1007,prescribed,2020-12-08 03:25:54
1592,1330,1001,prescribed,2021-03-29 11:35:11
1593,1049,1003,not prescribed,2021-09-29 18:13:05
1594,1842,1001,not prescribed,2021-02-09 07:53:43
1595,1026,1006,not prescribed,2021-06-17 02:11:03
1596,1940,1001,prescribed,2021-08-11 23:57:36
1597,1512,1004,not prescribed,2021-08-23 15:22:50
1598,1862,1003,not prescribed,2021-09-15 01:17:26
1599,1834,1005,not prescribed,2021-07-07 14:24:34
1600,1304,1001,prescribed,2021-09-13 16:46:21
1601,1072,1010,prescribed,2020-11-21 10:20:12
1602,1253,1008,prescribed,2021-05-17 07:17:23
1603,1311,1002,prescribed,2021-05-12 20:51:31
1604,1355,1008,not prescribed,2021-07-07 10:38:52
1605,1170,1007,not prescribed,2021-06-02 09:18:29
1606,1945,1005,not prescribed,2021-05-07 15:55:51
1607,1308,1007,prescribed,2021-03-09 03:56:19
1608,1487,1001,prescribed,2021-05-04 12:30:06
1609,1097,1007,not prescribed,2021-01-21 05:12:26
1610,1061,1009,not prescribed,2021-04-14 10:49:59
1611,1238,1004,not prescribed,2021-10-02 12:01:26
1612,1004,1001,not prescribed,2021-04-21 23:26:26
1613,1170,1008,not prescribed,2021-06-19 21:04:42
1614,1671,1008,prescribed,2021-06-23 04:20:04
1615,1270,1006,prescribed,2021-04-09 11:21:54
1616,1238,1007,not prescribed,2021-06-01 04:00:20
1617,1492,1010,prescribed,2021-08-18 05:05:57
1618,1164,1006,not prescribed,2021-01-25 23:29:40
1619,1753,1005,not prescribed,2021-01-13 04:30:51
1620,1459,1007,not prescribed,2021-09-25 12:44:31
1621,1237,1006,not prescribed,2021-06-23 11:47:33
1622,1142,1002,prescribed,2021-06-15 08:57:34
1623,1998,1001,prescribed,2020-11-21 19:57:40
1624,1989,1009,prescribed,2021-10-28 15:07:44
1625,1200,1004,prescribed,2021-06-18 05:36:30
1626,1646,1003,prescribed,2021-04-13 14:58:45
1627,1168,1007,prescribed,2021-02-17 11:45:27
1628,1559,1005,prescribed,2021-02-14 06:19:17
1629,1761,1008,not prescribed,2021-09-03 04:24:29
1630,1012,1002,not prescribed,2021-06-14 06:10:49
1631,1748,1001,prescribed,2021-03-15 16:11:03
1632,1126,1008,prescribed,2021-05-30 08:55:21
1633,1306,1007,not prescribed,2021-03-26 07:32:44
1634,1218,1003,not prescribed,2021-08-11 14:54:27
1635,1391,1007,not prescribed,2020-12-03 02:34:55
1636,1061,1001,not prescribed,2021-01-22 16:04:28
1637,1777,1007,not prescribed,2021-09-24 06:25:31
1638,1309,1006,prescribed,2021-07-06 18:40:24
1639,1532,1001,prescribed,2021-06-14 09:25:28
1640,1624,1007,not prescribed,2021-06-22 19:06:50
1641,1763,1002,not prescribed,2021-01-16 19:49:19
1642,1805,1003,not prescribed,2021-01-27 13:57:42
1643,1464,1008,not prescribed,2021-05-17 06:19:48
1644,1606,1002,prescribed,2021-08-24 07:22:05
1645,1359,1005,prescribed,2021-07-02 12:59:55
1646,1637,1008,prescribed,2021-03-23 10:48:23
1647,1955,1001,not prescribed,2021-06-10 09:57:38
1648,1072,1003,prescribed,2021-01-16 07:57:11
1649,1116,1002,prescribed,2021-09-19 12:03:30
1650,1994,1008,not prescribed,2021-02-10 22:17:22
1651,1422,1007,prescribed,2021-03-29 18:18:12
1652,1307,1007,not prescribed,2021-04-13 10:53:28
1653,1763,1008,not prescribed,2021-10-27 22:37:11
1654,1952,1010,prescribed,2021-05-13 23:05:41
1655,1628,1002,not prescribed,2021-08-29 05:44:07
1656,1798,1003,not prescribed,2020-12-01 11:41:41
1657,1788,1004,not prescribed,2021-07-11 13:28:02
1658,1232,1009,prescribed,2021-11-04 03:34:19
1659,1706,1010,not prescribed,2021-03-26 08:28:58
1660,1628,1005,not prescribed,2021-03-11 15:52:13
1661,1654,1002,prescribed,2020-12-10 11:09:39
1662,1784,1008,prescribed,2021-04-12 11:05:59
1663,1603,1003,prescribed,2021-08-30 11:57:18
1664,1277,1006,prescribed,2021-05-14 22:39:52
1665,1385,1002,not prescribed,2021-01-21 10:24:53
1666,1389,1009,prescribed,2020-12-10 08:39:40
1667,1960,1004,not prescribed,2021-08-14 11:20:25
1668,1856,1001,not prescribed,2021-10-12 19:47:39
1669,1694,1001,prescribed,2021-08-29 13:22:34
1670,1292,1003,prescribed,2021-07-11 19:33:24
1671,1874,1003,not prescribed,2021-10-14 12:56:45
1672,1621,1001,not prescribed,2021-10-12 11:55:22
1673,1387,1005,prescribed,2021-10-08 19:11:32
1674,1866,1008,prescribed,2021-03-26 21:15:38
1675,1908,1004,not prescribed,2021-04-12 04:44:11
1676,1026,1009,prescribed,2021-01-20 22:15:16
1677,1469,1009,prescribed,2021-02-24 19:23:23
1678,1064,1008,prescribed,2021-07-07 01:06:56
1679,1409,1006,prescribed,2021-08-23 04:08:34
1680,1617,1005,prescribed,2021-05-15 05:22:37
1681,1754,1001,not prescribed,2021-09-08 06:17:28
1682,1027,1010,not prescribed,2021-06-29 21:58:29
1683,1190,1009,prescribed,2020-11-28 03:35:16
1684,1148,1004,prescribed,2021-06-23 00:05:52
1685,1223,1002,prescribed,2021-02-02 16:06:57
1686,1227,1003,not prescribed,2020-12-25 16:22:49
1687,1462,1005,not prescribed,2021-03-14 00:39:13
1688,1471,1003,prescribed,2021-08-17 10:45:02
1689,1618,1005,prescribed,2021-05-24 18:02:15
1690,1134,1002,not prescribed,2021-10-22 22:30:41
1691,1504,1001,not prescribed,2021-02-18 15:36:14
1692,1458,1007,not prescribed,2021-07-17 00:52:45
1693,1386,1010,prescribed,2021-02-01 05:07:46
1694,1093,1010,not prescribed,2021-10-03 10:31:19
1695,1024,1001,prescribed,2021-04-03 12:17:57
1696,1767,1003,prescribed,2021-06-15 03:27:27
1697,1606,1007,prescribed,2021-06-12 08:15:01
1698,1341,1004,not prescribed,2021-01-10 07:13:34
1699,1754,1006,not prescribed,2020-12-03 05:49:40
1700,1316,1005,not prescribed,2021-08-23 13:16:38
1701,1630,1003,prescribed,2021-10-08 00:44:02
1702,1083,1004,prescribed,2021-06-14 13:47:10
1703,1554,1005,not prescribed,2021-09-08 03:20:06
1704,1410,1004,prescribed,2020-12-02 07:46:54
1705,1131,1003,not prescribed,2021-09-01 18:29:32
1706,1497,1006,not prescribed,2020-11-11 11:52:59
1707,1617,1004,prescribed,2021-08-24 08:07:14
1708,1543,1001,prescribed,2020-11-28 16:10:40
1709,1242,1001,prescribed,2021-08-23 21:25:12
1710,1014,1010,prescribed,2021-07-13 07:57:02
1711,1557,1005,not prescribed,2021-03-20 06:11:19
1712,1814,1007,prescribed,2021-09-12 04:41:36
1713,1164,1004,prescribed,2021-09-11 12:27:28
1714,1618,1010,prescribed,2021-07-27 03:38:36
1715,1270,1002,prescribed,2021-03-01 13:17:32
1716,1975,1002,prescribed,2021-02-26 13:04:26
1717,1639,1005,prescribed,2021-07-29 15:37:38
1718,1597,1001,prescribed,2021-10-14 17:01:34
1719,1577,1010,prescribed,2021-05-04 16:07:25
1720,1199,1004,prescribed,2021-08-15 05:34:20
1721,1987,1002,prescribed,2021-07-30 20:46:10
1722,1091,1008,not prescribed,2021-04-12 01:10:35
1723,1695,1009,prescribed,2021-09-05 02:29:35
1724,1103,1001,not prescribed,2021-04-21 02:49:24
1725,1966,1010,prescribed,2020-11-21 05:39:04
1726,1885,1009,prescribed,2021-01-31 18:40:06
1727,1247,1003,prescribed,2020-12-15 00:11:15
1728,1877,1003,prescribed,2021-09-16 23:14:41
1729,1726,1008,prescribed,2021-03-16 11:22:30
1730,1233,1008,not prescribed,2021-01-20 20:35:57
1731,1451,1007,not prescribed,2020-12-01 16:20:28
1732,1682,1006,not prescribed,2021-10-04 04:15:56
1733,1567,1004,not prescribed,2020-11-26 03:08:50
1734,1054,1003,prescribed,2020-11-27 05:10:00
1735,1644,1008,not prescribed,2021-09-10 21:02:39
1736,1706,1008,prescribed,2020-11-26 17:46:50
1737,1472,1010,not prescribed,2021-07-30 10:19:03
1738,1867,1006,not prescribed,2021-02-05 16:48:28
1739,1258,1003,prescribed,2021-09-11 22:31:16
1740,1405,1005,prescribed,2021-05-12 20:10:21
1741,1253,1001,not prescribed,2021-07-10 06:35:09
1742,1369,1002,prescribed,2021-09-09 09:15:52
1743,1300,1009,prescribed,2021-09-09 03:42:47
1744,1977,1009,not prescribed,2021-03-02 22:37:52
1745,1760,1006,prescribed,2020-12-18 17:02:26
1746,1635,1007,prescribed,2021-07-06 01:24:30
1747,1433,1005,not prescribed,2021-02-17 23:01:12
1748,1670,1001,prescribed,2021-04-10 18:25:45
1749,1471,1002,not prescribed,2021-03-03 16:17:35
1750,1190,1004,not prescribed,2021-06-26 06:30:00
1751,1845,1008,not prescribed,2021-01-09 09:48:18
1752,1456,1003,not prescribed,2021-02-08 07:51:03
1753,1802,1010,prescribed,2021-02-20 12:19:15
1754,1634,1009,not prescribed,2021-08-14 23:42:22
1755,1271,1003,not prescribed,2021-08-11 05:24:11
1756,1503,1005,not prescribed,2021-01-30 06:28:00
1757,1927,1003,prescribed,2021-07-10 22:12:32
1758,1974,1001,not prescribed,2020-11-14 04:34:03
1759,1776,1006,not prescribed,2021-04-04 21:41:36
1760,1255,1005,prescribed,2021-08-11 01:02:45
1761,1400,1003,not prescribed,2021-03-16 14:29:15
1762,1935,1005,not prescribed,2021-07-12 08:57:16
1763,1968,1010,prescribed,2021-07-09 08:19:53
1764,1585,1001,prescribed,2021-07-02 10:23:18
1765,1262,1009,not prescribed,2021-08-07 13:43:48
1766,1892,1005,not prescribed,2021-08-10 05:13:59
1767,1189,1001,not prescribed,2021-02-07 03:15:51
1768,1134,1005,not prescribed,2021-05-29 16:52:55
1769,1646,1001,not prescribed,2020-12-07 01:56:51
1770,1014,1009,prescribed,2021-08-27 07:43:39
1771,1941,1007,not prescribed,2020-12-02 13:53:40
1772,1875,1005,not prescribed,2020-12-18 14:12:30
1773,1910,1005,not prescribed,2021-04-18 09:34:56
1774,1811,1008,not prescribed,2021-10-22 09:32:53
1775,1974,1001,not prescribed,2021-08-26 03:24:01
1776,1225,1006,prescribed,2021-09-01 12:56:08
1777,1776,1009,prescribed,2021-01-12 16:12:52
1778,1145,1005,not prescribed,2021-08-22 15:24:58
1779,1280,1008,prescribed,2021-10-26 01:52:29
1780,1873,1010,prescribed,2021-03-20 14:21:32
1781,1919,1001,not prescribed,2020-12-08 06:14:14
1782,1218,1010,not prescribed,2021-05-16 12:40:09
1783,1483,1007,prescribed,2021-06-28 08:30:02
1784,1929,1006,prescribed,2020-11-18 16:41:07
1785,1753,1005,not prescribed,2021-03-23 17:04:34
1786,1282,1008,prescribed,2021-01-28 09:17:43
1787,1882,1002,prescribed,2021-02-28 21:43:09
1788,1303,1005,not prescribed,2021-07-07 20:48:11
1789,1819,1003,prescribed,2021-07-06 10:43:22
1790,1351,1003,prescribed,2021-09-15 15:58:32
1791,1342,1008,prescribed,2021-08-19 01:32:18
1792,1464,1009,not prescribed,2020-11-17 18:37:51
1793,1185,1001,not prescribed,2021-02-28 12:38:11
1794,1708,1005,prescribed,2021-08-29 06:32:30
1795,1857,1009,prescribed,2021-08-02 08:05:19
1796,1523,1010,not prescribed,2021-03-13 04:27:30
1797,1022,1007,not prescribed,2020-11-15 08:47:19
1798,1785,1005,not prescribed,2021-08-13 17:20:52
1799,1664,1005,not prescribed,2021-01-31 13:36:24
1800,1404,1008,prescribed,2021-08-17 09:12:59
1801,1957,1003,not prescribed,2021-04-08 03:37:14
1802,1775,1008,not prescribed,2021-02-22 00:05:23
1803,1087,1001,not prescribed,2021-04-22 19:04:41
1804,1035,1002,prescribed,2021-09-25 02:23:41
1805,1259,1008,not prescribed,2021-09-27 18:42:59
1806,1836,1010,not prescribed,2021-08-17 13:13:44
1807,1378,1002,prescribed,2020-12-04 18:22:31
1808,1415,1002,prescribed,2021-05-20 12:26:55
1809,1863,1003,not prescribed,2021-09-02 21:46:49
1810,1633,1003,not prescribed,2021-07-07 01:12:09
1811,1238,1010,prescribed,2020-11-27 11:00:25
1812,1062,1009,prescribed,2021-06-20 01:49:08
1813,1812,1009,not prescribed,2021-09-06 21:32:37
1814,1164,1007,not prescribed,2021-01-24 11:49:15
1815,1998,1005,prescribed,2021-05-15 11:12:01
1816,1978,1004,not prescribed,2021-09-06 15:42:34
1817,1109,1002,prescribed,2021-10-14 18:32:13
1818,1324,1002,prescribed,2021-01-06 06:34:49
1819,1859,1009,prescribed,2021-01-05 14:22:40
1820,1125,1001,prescribed,2021-03-03 12:20:38
1821,1147,1003,prescribed,2021-08-16 22:19:31
1822,1277,1007,not prescribed,2021-11-04 07:29:52
1823,1411,1001,not prescribed,2021-05-11 19:45:00
1824,1238,1003,prescribed,2021-10-18 00:23:35
1825,1414,1008,prescribed,2021-04-27 19:11:51
1826,1289,1010,prescribed,2021-01-25 23:11:41
1827,1555,1010,not prescribed,2020-11-09 18:21:12
1828,1336,1005,prescribed,2021-05-16 16:44:34
1829,1049,1006,prescribed,2021-06-09 05:48:10
1830,1712,1010,not prescribed,2020-12-13 06:47:19
1831,1084,1009,not prescribed,2021-02-01 23:57:58
1832,1008,1002,not prescribed,2021-10-09 22:10:07
1833,1881,1004,not prescribed,2021-05-04 09:03:52
1834,1193,1009,prescribed,2021-08-01 04:33:38
1835,1571,1008,not prescribed,2020-12-07 01:27:15
1836,1783,1002,prescribed,2021-07-24 15:16:42
1837,1556,1010,prescribed,2021-05-21 18:17:46
1838,1313,1002,prescribed,2021-03-31 12:17:11
1839,1184,1002,prescribed,2021-08-23 13:45:34
1840,1072,1001,not prescribed,2021-01-12 09:00:09
1841,1254,1009,not prescribed,2021-03-22 17:13:04
1842,1157,1010,not prescribed,2021-05-10 08:59:34
1843,1472,1004,not prescribed,2021-05-19 05:05:46
1844,1652,1006,not prescribed,2021-09-04 19:05:46
1845,1445,1003,not prescribed,2021-04-27 18:14:25
1846,1286,1008,prescribed,2021-01-16 14:36:23
1847,1022,1007,not prescribed,2021-09-12 02:17:24
1848,1090,1010,prescribed,2021-01-22 08:51:59
1849,1046,1008,not prescribed,2020-11-28 00:45:43
1850,1017,1002,prescribed,2021-01-18 02:33:53
1851,1370,1002,not prescribed,2021-10-24 03:31:43
1852,1132,1002,not prescribed,2021-05-24 03:57:48
1853,1991,1006,prescribed,2021-05-08 15:00:15
1854,1825,1009,not prescribed,2021-01-05 10:32:28
1855,1705,1009,prescribed,2021-03-06 01:10:24
1856,1185,1001,prescribed,2020-11-25 16:56:51
1857,1065,1004,not prescribed,2021-05-26 06:42:29
1858,1511,1010,prescribed,2021-05-03 01:05:39
1859,1529,1003,not prescribed,2021-09-09 23:15:41
1860,1721,1009,prescribed,2021-07-11 09:30:05
1861,1506,1010,not prescribed,2021-08-03 16:00:39
1862,1417,1010,prescribed,2021-08-26 22:03:51
1863,1712,1008,not prescribed,2021-09-14 12:37:05
1864,1819,1008,prescribed,2021-09-13 13:50:09
1865,1652,1003,prescribed,2021-02-25 06:34:37
1866,1002,1004,prescribed,2021-10-23 11:05:41
1867,1362,1001,not prescribed,2021-10-11 07:41:13
1868,1333,1003,not prescribed,2020-11-30 10:15:20
1869,1936,1006,not prescribed,2020-11-12 13:43:12
1870,1078,1008,prescribed,2021-05-09 13:10:00
1871,1857,1008,prescribed,2021-07-13 06:27:12
1872,1601,1003,not prescribed,2021-10-26 06:54:27
1873,1235,1003,prescribed,2021-08-14 22:46:43
1874,1119,1009,not prescribed,2021-01-26 16:34:15
1875,1891,1009,not prescribed,2020-11-29 10:01:55
1876,1683,1008,prescribed,2020-12-09 12:52:02
1877,1497,1001,not prescribed,2021-01-25 14:35:42
1878,1684,1002,prescribed,2021-08-08 01:21:42
1879,1775,1004,not prescribed,2021-03-09 20:22:27
1880,1354,1001,prescribed,2021-10-12 10:43:43
1881,1010,1009,not prescribed,2021-01-13 17:20:42
1882,1791,1005,prescribed,2021-09-10 07:44:16
1883,1485,1004,not prescribed,2021-10-09 20:57:15
1884,1029,1007,not prescribed,2021-03-18 01:41:55
1885,1130,1010,prescribed,2021-03-19 11:36:03
1886,1732,1008,not prescribed,2020-12-31 00:07:25
1887,1223,1008,not prescribed,2021-01-17 09:04:01
1888,1725,1006,prescribed,2021-05-14 01:10:52
1889,1244,1007,not prescribed,2021-03-02 22:02:12
1890,1967,1001,not prescribed,2021-08-15 20:55:51
1891,1323,1001,prescribed,2021-02-17 03:50:22
1892,1452,1005,not prescribed,2020-12-30 11:48:53
1893,1031,1001,not prescribed,2020-12-29 04:04:43
1894,1537,1008,prescribed,2021-08-15 09:16:58
1895,1987,1003,not prescribed,2021-02-24 18:27:18
1896,1771,1007,prescribed,2021-02-05 22:15:54
1897,1356,1001,prescribed,2021-01-28 00:44:04
1898,1794,1007,not prescribed,2021-09-25 04:04:02
1899,1663,1004,prescribed,2021-01-01 06:38:45
1900,1289,1009,not prescribed,2021-06-17 19:47:02
1901,1860,1004,prescribed,2021-08-20 23:14:05
1902,1859,1001,prescribed,2020-12-06 18:15:29
1903,1861,1005,prescribed,2021-07-26 08:21:52
1904,1816,1006,prescribed,2021-09-26 03:13:13
1905,1604,1010,prescribed,2021-04-25 19:55:14
1906,1051,1001,prescribed,2021-08-18 23:15:01
1907,1438,1010,prescribed,2020-11-09 17:46:01
1908,1314,1006,prescribed,2021-06-30 21:14:42
1909,1775,1010,prescribed,2021-01-14 14:15:39
1910,1479,1009,prescribed,2021-11-03 08:58:27
1911,1130,1001,prescribed,2021-02-14 20:30:59
1912,1885,1001,not prescribed,2021-06-29 01:05:50
1913,1528,1010,prescribed,2021-05-22 08:05:07
1914,1660,1007,not prescribed,2021-06-09 18:48:18
1915,1742,1001,prescribed,2020-12-14 23:31:12
1916,1426,1006,prescribed,2021-01-28 10:47:44
1917,1793,1001,prescribed,2021-01-15 11:36:54
1918,1898,1006,prescribed,2021-04-30 10:53:00
1919,1397,1005,prescribed,2021-08-15 12:07:09
1920,1374,1001,not prescribed,2020-12-29 12:34:36
1921,1617,1004,not prescribed,2021-09-10 05:00:08
1922,1587,1003,prescribed,2021-02-04 03:01:46
1923,1851,1006,not prescribed,2021-09-23 22:50:45
1924,1597,1010,not prescribed,2021-10-05 19:03:20
1925,1886,1002,prescribed,2021-02-27 12:39:06
1926,1840,1006,prescribed,2021-01-04 17:42:09
1927,1034,1006,not prescribed,2021-08-07 02:31:27
1928,1775,1005,prescribed,2021-03-13 08:05:01
1929,1755,1005,prescribed,2020-11-09 23:31:47
1930,1152,1001,prescribed,2021-10-02 22:14:56
1931,1882,1009,prescribed,2021-06-08 09:09:23
1932,1492,1004,prescribed,2020-11-20 13:31:25
1933,1356,1003,prescribed,2021-04-21 23:52:15
1934,1185,1003,not prescribed,2021-11-03 23:19:24
1935,1053,1002,prescribed,2021-09-17 11:48:31
1936,1584,1001,prescribed,2021-03-15 21:31:51
1937,1697,1006,not prescribed,2021-01-24 00:04:16
1938,1015,1007,not prescribed,2021-04-24 15:16:08
1939,1176,1006,prescribed,2021-10-22 14:17:41
1940,1679,1010,prescribed,2021-04-26 17:29:10
1941,1850,1001,not prescribed,2021-03-28 21:57:29
1942,1802,1007,prescribed,2021-05-20 08:24:01
1943,1376,1010,prescribed,2021-02-09 19:48:42
1944,1579,1009,prescribed,2021-02-08 06:24:41
1945,1905,1007,prescribed,2021-01-14 07:40:13
1946,1252,1005,not prescribed,2021-08-26 07:59:08
1947,1534,1002,not prescribed,2021-03-26 18:06:52
1948,1498,1004,prescribed,2021-05-16 02:26:19
1949,1861,1002,prescribed,2021-01-08 10:33:04
1950,1872,1006,not prescribed,2021-06-15 03:25:20
1951,1013,1005,not prescribed,2021-03-14 09:35:54
1952,1646,1009,not prescribed,2021-10-11 14:28:57
1953,1932,1002,not prescribed,2021-09-15 21:37:28
1954,1114,1006,not prescribed,2021-02-05 13:23:53
1955,1068,1009,not prescribed,2021-06-03 07:45:11
1956,1241,1003,not prescribed,2021-09-25 08:00:06
1957,1868,1001,not prescribed,2021-07-19 11:17:26
1958,1163,1010,not prescribed,2021-04-09 11:36:41
1959,1079,1002,not prescribed,2021-03-29 06:47:37
1960,1514,1009,prescribed,2021-07-26 14:09:35
1961,1385,1007,prescribed,2020-12-03 11:11:57
1962,1788,1001,prescribed,2021-06-05 01:25:52
1963,1371,1005,prescribed,2021-08-28 21:14:23
1964,1962,1004,prescribed,2021-08-03 06:05:55
1965,1460,1004,not prescribed,2021-10-24 19:48:31
1966,1551,1007,prescribed,2021-03-01 22:01:55
1967,1992,1006,not prescribed,2021-02-21 19:40:40
1968,1441,1004,prescribed,2021-09-21 11:52:12
1969,1056,1010,prescribed,2021-11-02 00:34:58
1970,1951,1008,not prescribed,2021-07-03 09:00:36
1971,1071,1007,not prescribed,2021-03-15 02:46:40
1972,1134,1005,prescribed,2021-08-27 10:12:28
1973,1872,1004,not prescribed,2021-10-05 15:47:20
1974,1320,1003,prescribed,2021-04-29 06:17:47
1975,1102,1006,not prescribed,2021-06-07 12:09:57
1976,1541,1009,prescribed,2020-12-15 02:46:30
1977,1463,1008,prescribed,2021-04-28 11:08:26
1978,1798,1008,not prescribed,2021-05-23 21:26:52
1979,1750,1006,prescribed,2021-09-06 18:09:01
1980,1461,1002,not prescribed,2020-12-22 10:13:10
1981,1814,1010,not prescribed,2021-05-10 07:02:39
1982,1213,1003,not prescribed,2021-06-18 03:04:57
1983,1064,1008,prescribed,2021-01-05 10:37:00
1984,1280,1010,prescribed,2021-01-28 13:31:42
1985,1291,1007,prescribed,2020-12-25 12:22:17
1986,1324,1004,not prescribed,2021-02-03 10:46:38
1987,1343,1001,prescribed,2021-01-11 18:39:27
1988,1327,1008,prescribed,2021-05-12 02:13:35
1989,1328,1008,prescribed,2021-02-08 12:46:23
1990,1172,1006,prescribed,2021-09-06 20:57:09
1991,1696,1002,not prescribed,2021-06-07 13:20:15
1992,1872,1003,prescribed,2021-02-12 00:51:29
1993,1659,1001,not prescribed,2021-07-03 18:56:49
1994,1752,1003,not prescribed,2021-07-16 17:42:30
1995,1578,1005,prescribed,2020-12-19 18:22:12
1996,1655,1004,prescribed,2021-01-08 05:12:12
1997,1293,1002,prescribed,2020-12-08 15:13:40
1998,1124,1008,not prescribed,2020-11-21 05:24:57
1999,1491,1008,prescribed,2020-12-04 12:19:52
2000,1702,1004,not prescribed,2021-08-27 04:19:57
