customerID,saleID,prescriptionID,createdAt,amount,status,method
1000,3114,4747,6/20/2021 10:50,854.49,pending,cash
1001,7916,6512,1/16/2021 18:43,585.65,completed,cash
1002,2936,3341,12/3/2020 8:41,631.37,completed,card
1003,5333,1717,1/28/2021 22:57,970.31,pending,apple pay
1004,5025,6996,9/24/2021 3:35,884.02,completed,apple pay
1005,6879,9598,7/21/2021 2:28,274,completed,card
1006,7977,1483,11/27/2020 14:22,199.44,completed,cash
1007,9510,6670,7/7/2021 7:08,664.7,pending,apple pay
1008,6658,4800,2/9/2021 5:18,639,pending,apple pay
1009,6676,3900,9/16/2021 7:33,101.33,not completed,apple pay
1010,4830,4110,12/5/2020 5:03,910.76,not completed,cash
1011,1951,5764,6/20/2021 15:46,770.98,completed,apple pay
1012,9081,7418,9/14/2021 13:24,300.69,pending,apple pay
1013,5195,8675,7/11/2021 16:09,459.12,completed,apple pay
1014,9842,9930,1/5/2021 20:38,86.86,completed,apple pay
1015,9354,6112,8/28/2021 13:08,894.43,not completed,apple pay
1016,1445,2384,1/24/2021 18:03,867.44,pending,apple pay
1017,9771,1595,8/4/2021 4:52,950.15,pending,apple pay
1018,9778,4651,4/4/2021 14:57,907.49,pending,cash
1019,6027,3588,8/8/2021 16:59,745.53,pending,apple pay
1020,4974,9687,4/25/2021 13:22,146.76,pending,cash
1021,2293,7548,4/7/2021 3:46,207.06,completed,card
1022,7951,7754,5/11/2021 12:35,122.1,completed,apple pay
1023,5117,2058,8/19/2021 17:29,923.03,pending,apple pay
1024,8828,9412,1/1/2021 4:32,668.49,pending,apple pay
1025,8480,5339,5/20/2021 5:48,557.68,not completed,apple pay
1026,8141,2209,1/2/2021 10:44,777.2,not completed,card
1027,4042,2528,9/4/2021 3:52,997.83,pending,apple pay
1028,6337,7543,3/22/2021 4:24,301.26,completed,cash
1029,1100,3365,9/13/2021 4:40,985,not completed,apple pay
1030,7807,9822,3/13/2021 14:51,723.49,not completed,card
1031,9273,8025,5/25/2021 22:45,898.52,completed,card
1032,4402,4535,1/31/2021 19:50,238.57,pending,cash
1033,9608,6091,5/2/2021 9:09,240.41,pending,card
1034,5654,6400,10/9/2021 0:25,290.23,not completed,cash
1035,2412,3826,2/28/2021 17:12,736.46,pending,cash
1036,4581,2738,6/3/2021 13:39,540.65,pending,cash
1037,1024,2711,7/30/2021 18:46,710.6,completed,card
1038,8965,3265,9/13/2021 8:31,875.95,completed,cash
1039,6350,2741,12/12/2020 6:13,748.8,completed,card
1040,5977,6499,11/14/2020 23:33,440.86,not completed,card
1041,6650,9642,11/17/2020 13:46,699.57,not completed,apple pay
1042,8580,6079,9/5/2021 4:36,161.59,not completed,cash
1043,2333,6332,2/4/2021 6:01,625.67,pending,card
1044,8654,7212,9/26/2021 2:01,87.3,completed,card
1045,3490,8963,7/2/2021 17:58,93.18,pending,apple pay
1046,6506,3179,4/17/2021 2:47,969.27,completed,apple pay
1047,3995,2393,4/24/2021 8:59,169.03,pending,cash
1048,2106,7017,10/2/2021 8:07,27.74,completed,apple pay
1049,4671,6197,2/21/2021 14:07,492.28,pending,apple pay
1050,8383,3759,2/24/2021 9:18,598.16,not completed,cash
1051,2616,6421,2/19/2021 10:35,798.85,not completed,cash
1052,3735,2922,12/11/2020 7:51,253.19,not completed,card
1053,1437,2462,6/13/2021 2:39,260.25,pending,apple pay
1054,5148,9990,2/9/2021 15:33,538.59,pending,card
1055,6796,2360,12/16/2020 7:14,352.09,pending,apple pay
1056,9072,4935,9/17/2021 15:53,781.41,pending,apple pay
1057,5756,7387,11/24/2020 15:35,353.13,not completed,card
1058,5962,1834,9/13/2021 18:22,224.57,completed,card
1059,5157,9213,5/19/2021 20:21,704.41,pending,card
1060,2997,8318,11/22/2020 17:20,646.77,not completed,apple pay
1061,1755,1865,2/13/2021 23:03,961.95,not completed,card
1062,7952,4623,6/12/2021 7:55,174.72,pending,cash
1063,1968,8139,12/22/2020 16:14,646.61,not completed,apple pay
1064,2572,8076,3/20/2021 21:41,440.26,not completed,cash
1065,5678,9167,8/21/2021 14:17,21.3,not completed,cash
1066,6161,2127,5/6/2021 23:08,218.5,not completed,apple pay
1067,7457,7899,3/20/2021 5:52,349.23,not completed,cash
1068,5839,9636,6/19/2021 6:43,516.54,completed,card
1069,9574,8527,8/6/2021 7:24,811.27,not completed,cash
1070,3845,7869,8/2/2021 18:42,951.16,pending,cash
1071,2237,3038,3/23/2021 20:51,502.79,pending,cash
1072,4283,8117,3/29/2021 0:28,753.72,completed,cash
1073,8937,6336,1/2/2021 4:30,693.04,pending,apple pay
1074,2832,7860,10/6/2021 5:34,846.08,not completed,cash
1075,6255,2305,5/3/2021 3:33,301.69,pending,cash
1076,3083,8242,12/23/2020 10:22,329.02,not completed,card
1077,6940,8463,12/4/2020 16:06,71.3,completed,apple pay
1078,8676,3044,11/4/2021 16:19,166.01,completed,cash
1079,5434,1028,3/7/2021 22:19,401.01,not completed,card
1080,4000,4517,1/1/2021 15:30,49.47,not completed,cash
1081,5646,8649,6/12/2021 9:42,730.77,not completed,card
1082,2664,6257,4/5/2021 21:29,925.61,pending,apple pay
1083,6191,5965,12/30/2020 2:44,432.12,pending,card
1084,7388,7878,9/28/2021 21:43,432.78,completed,cash
1085,6668,9951,6/25/2021 15:56,334.12,not completed,cash
1086,2840,8099,10/23/2021 19:49,647.63,completed,cash
1087,1378,6735,1/6/2021 0:16,64.32,not completed,card
1088,7541,3750,10/29/2021 21:06,777.56,not completed,card
1089,1064,1949,1/23/2021 3:10,216.22,not completed,card
1090,8651,2281,8/17/2021 5:57,904.13,not completed,cash
1091,7086,5798,1/21/2021 11:41,472.37,pending,card
1092,6595,5021,7/8/2021 17:44,597.31,completed,card
1093,9676,5199,8/7/2021 20:24,496.95,not completed,card
1094,4502,9372,6/22/2021 16:43,132.43,completed,apple pay
1095,5310,5792,11/20/2020 2:43,897.93,pending,cash
1096,3268,9507,7/6/2021 15:58,933.19,not completed,apple pay
1097,5846,1395,11/29/2020 7:22,394.62,pending,cash
1098,2745,9028,1/24/2021 19:48,900.62,not completed,cash
1099,2540,1002,8/7/2021 1:32,42.4,completed,cash
1100,8127,5402,5/21/2021 2:57,884.03,completed,cash
1101,5703,7238,3/18/2021 15:29,401.89,completed,apple pay
1102,8166,2946,2/16/2021 3:19,293.8,not completed,apple pay
1103,2867,8007,8/6/2021 6:24,911.14,completed,cash
1104,4327,3766,8/20/2021 1:12,206.83,not completed,apple pay
1105,5940,2366,6/21/2021 20:38,615.47,completed,card
1106,5602,6037,8/30/2021 4:05,894.01,not completed,apple pay
1107,3339,8749,10/11/2021 19:37,993.14,not completed,apple pay
1108,6687,5343,2/10/2021 1:23,806.39,not completed,apple pay
1109,6700,7765,12/28/2020 17:29,25.89,pending,card
1110,9304,2528,9/1/2021 3:47,702.05,pending,card
1111,4979,1223,5/25/2021 4:58,989.77,completed,cash
1112,4130,3559,11/10/2020 11:18,628.63,completed,cash
1113,5394,2650,6/8/2021 20:40,375.87,pending,cash
1114,6621,2900,9/2/2021 15:32,832.83,completed,card
1115,1709,6892,1/10/2021 15:33,824.75,not completed,apple pay
1116,6425,5129,9/11/2021 13:12,939.88,pending,apple pay
1117,2126,4568,12/1/2020 8:16,446.15,not completed,cash
1118,3566,4685,8/11/2021 4:06,539.24,not completed,cash
1119,3703,6575,11/6/2021 6:29,25.34,completed,apple pay
1120,1759,1094,10/4/2021 10:01,353.06,completed,apple pay
1121,4760,4048,11/30/2020 5:33,617.78,completed,card
1122,8332,8339,9/26/2021 16:24,324.53,not completed,card
1123,3522,2798,12/21/2020 23:40,672.84,completed,card
1124,3527,8626,8/21/2021 7:46,747.43,completed,cash
1125,9953,3708,8/1/2021 6:26,708.05,completed,cash
1126,6021,5879,2/28/2021 6:45,831.64,not completed,cash
1127,4121,2848,9/23/2021 19:46,536.74,not completed,card
1128,2413,8028,10/9/2021 4:10,371.02,not completed,apple pay
1129,3736,1586,1/12/2021 1:35,468.15,pending,apple pay
1130,1694,9052,10/4/2021 23:11,250.79,pending,card
1131,7604,9173,10/20/2021 18:57,873.44,completed,card
1132,9901,4505,3/2/2021 19:11,326.52,not completed,apple pay
1133,1257,2526,8/2/2021 13:49,856.21,completed,apple pay
1134,5424,7435,10/20/2021 14:03,446.76,pending,apple pay
1135,7047,8088,10/24/2021 11:42,502.91,pending,card
1136,5039,7017,11/21/2020 17:51,255.11,completed,apple pay
1137,6107,4791,4/5/2021 9:17,421.87,completed,cash
1138,3349,4495,12/17/2020 9:45,60.95,pending,card
1139,8957,1989,6/8/2021 2:24,94.86,pending,apple pay
1140,5028,2339,5/14/2021 9:47,795.64,not completed,card
1141,7698,8259,11/2/2021 21:00,399.96,not completed,cash
1142,3408,4344,7/15/2021 17:49,97.69,not completed,cash
1143,9793,7340,4/1/2021 13:41,280.54,pending,card
1144,8263,7120,9/3/2021 8:13,595.89,pending,apple pay
1145,4716,9033,3/27/2021 11:09,756.01,not completed,cash
1146,7118,7483,1/12/2021 14:16,902.24,completed,apple pay
1147,2436,5885,1/12/2021 22:34,55.52,completed,apple pay
1148,4847,6022,4/28/2021 23:51,538.9,not completed,apple pay
1149,4236,8346,10/14/2021 23:26,588.83,completed,cash
1150,2913,8451,4/22/2021 20:27,451.47,pending,card
1151,5409,6067,9/27/2021 10:27,674.18,pending,cash
1152,9789,6699,11/24/2020 19:55,247.21,completed,cash
1153,1344,7624,6/26/2021 21:12,254.85,not completed,apple pay
1154,5769,1630,8/2/2021 1:55,423.51,pending,apple pay
1155,2401,8748,2/11/2021 21:29,402.03,pending,card
1156,8671,1779,1/10/2021 15:25,843.77,pending,cash
1157,1831,8062,1/20/2021 1:49,186.77,pending,card
1158,2466,1668,10/15/2021 1:15,419.47,completed,card
1159,8230,8564,2/18/2021 22:15,600.7,pending,apple pay
1160,9932,5906,10/23/2021 14:48,657.66,pending,card
1161,4901,5748,1/13/2021 4:00,717.03,pending,cash
1162,2217,2731,9/30/2021 3:55,600.23,pending,card
1163,9126,5738,3/22/2021 0:58,538.68,pending,card
1164,4196,9714,6/5/2021 6:03,474.01,not completed,apple pay
1165,7035,1696,11/23/2020 21:42,653.69,not completed,card
1166,1958,5682,1/14/2021 5:43,162.11,not completed,card
1167,5163,6992,4/28/2021 8:27,784.27,not completed,apple pay
1168,1081,2973,6/3/2021 15:52,592.7,not completed,cash
1169,4510,4486,12/15/2020 6:39,388.73,pending,apple pay
1170,8274,8175,11/9/2020 18:30,278.98,completed,card
1171,2929,5896,1/31/2021 11:39,542.03,pending,cash
1172,8871,9771,8/24/2021 19:23,337.36,pending,apple pay
1173,2222,2354,4/3/2021 12:05,978,not completed,cash
1174,7257,5947,5/6/2021 8:09,807.31,completed,cash
1175,3501,5473,6/17/2021 1:13,917.86,not completed,card
1176,8937,5526,6/28/2021 15:44,144.21,not completed,apple pay
1177,4982,9528,2/23/2021 6:38,817.47,completed,apple pay
1178,2432,3583,11/25/2020 7:13,68.39,not completed,cash
1179,9496,5740,7/8/2021 17:28,170.47,pending,cash
1180,2979,1452,12/27/2020 22:41,165.62,not completed,cash
1181,8155,7672,10/21/2021 16:02,71.21,pending,card
1182,3882,1967,7/1/2021 5:24,173.3,pending,card
1183,4935,5919,11/17/2020 19:43,650.84,pending,cash
1184,7024,8491,6/6/2021 17:20,861.1,completed,cash
1185,3606,4589,2/28/2021 13:18,477.48,not completed,card
1186,7376,6681,12/17/2020 3:30,443.29,completed,apple pay
1187,8383,1009,8/22/2021 5:37,925,not completed,cash
1188,4461,9881,10/7/2021 10:53,764.51,not completed,cash
1189,4715,9532,8/3/2021 7:58,121.55,completed,card
1190,6271,8891,11/17/2020 15:16,276,completed,cash
1191,7159,9596,3/14/2021 22:14,908.58,completed,apple pay
1192,3026,7918,5/28/2021 21:33,693.49,not completed,apple pay
1193,1668,7495,8/8/2021 17:22,161.32,completed,cash
1194,1656,8980,11/23/2020 10:42,761.04,pending,apple pay
1195,8539,8268,1/10/2021 19:32,192.1,not completed,apple pay
1196,6031,9977,4/28/2021 6:25,73.12,pending,card
1197,9309,9845,4/20/2021 9:30,960.19,not completed,card
1198,4118,2675,1/26/2021 3:16,975.92,completed,card
1199,5234,7187,10/16/2021 23:50,997.54,not completed,cash
1200,7936,5746,9/8/2021 9:15,682.87,completed,apple pay
1201,9824,8954,10/30/2021 18:30,716.94,completed,apple pay
1202,1856,8653,9/6/2021 23:46,844.7,not completed,card
1203,2383,1192,5/25/2021 11:32,921.93,not completed,cash
1204,2625,5147,1/24/2021 17:47,170.26,not completed,card
1205,1853,8310,4/29/2021 16:50,422.24,not completed,apple pay
1206,3875,8285,5/8/2021 16:48,201.54,completed,cash
1207,3189,8180,11/23/2020 0:09,277.82,completed,cash
1208,3568,6509,10/15/2021 16:38,156.48,completed,apple pay
1209,8762,9408,11/7/2020 13:23,581.66,pending,cash
1210,4289,6979,3/28/2021 17:24,467.97,pending,card
1211,8037,6263,12/8/2020 18:48,842.96,not completed,apple pay
1212,1177,6785,3/14/2021 8:41,202.02,not completed,card
1213,3126,3434,10/27/2021 3:04,952.65,completed,apple pay
1214,1822,9923,8/5/2021 19:00,609.27,pending,apple pay
1215,9473,6897,6/4/2021 9:58,455.8,not completed,cash
1216,3180,1107,11/17/2020 13:20,424.56,completed,card
1217,3246,9917,2/21/2021 13:18,862.03,completed,apple pay
1218,3922,6775,10/23/2021 19:01,300.67,not completed,cash
1219,8066,5288,4/30/2021 22:06,798.59,not completed,cash
1220,5056,8231,11/17/2020 10:30,333,completed,card
1221,6497,4857,8/9/2021 2:03,657.64,pending,cash
1222,4762,3160,11/11/2020 17:57,875.2,not completed,cash
1223,6573,9607,4/28/2021 3:46,47.07,completed,apple pay
1224,4991,1021,5/16/2021 17:48,585.74,completed,apple pay
1225,2486,6333,10/25/2021 12:23,41.92,not completed,apple pay
1226,9555,9257,10/29/2021 1:56,513.25,not completed,cash
1227,7364,2588,10/28/2021 21:06,850.19,pending,cash
1228,5495,3071,8/9/2021 6:41,866.12,completed,apple pay
1229,4342,9585,2/6/2021 4:18,55.43,completed,card
1230,5721,2206,4/9/2021 5:02,272.28,completed,card
1231,1939,1734,4/24/2021 13:26,730.75,not completed,card
1232,6204,2007,12/11/2020 19:58,384.81,completed,apple pay
1233,3674,1063,3/14/2021 22:27,250.85,not completed,cash
1234,1666,9290,6/17/2021 3:21,542.04,completed,apple pay
1235,9845,5810,3/14/2021 0:09,406.75,not completed,card
1236,4729,9820,4/7/2021 14:20,858.25,completed,apple pay
1237,7043,3487,8/26/2021 0:01,579.29,completed,apple pay
1238,1142,1338,8/14/2021 7:13,541.12,not completed,cash
1239,5386,7039,11/2/2021 22:23,555.45,completed,cash
1240,1984,7535,1/10/2021 11:11,644.69,pending,card
1241,9817,3969,6/8/2021 11:05,703.99,completed,card
1242,6899,2210,8/5/2021 6:04,887.68,not completed,apple pay
1243,1901,6504,1/30/2021 23:42,120.29,completed,card
1244,8534,6861,12/21/2020 3:03,891.96,not completed,card
1245,5547,3766,4/24/2021 19:51,864.45,completed,cash
1246,7482,8857,6/22/2021 8:48,583.78,pending,apple pay
1247,9157,9179,7/2/2021 12:46,946.04,completed,cash
1248,2755,8162,10/10/2021 20:49,662.24,pending,card
1249,4121,4877,7/6/2021 5:28,257.97,completed,cash
1250,5161,1715,8/1/2021 3:53,237.57,not completed,cash
1251,1902,2305,5/26/2021 6:53,69.97,pending,cash
1252,5495,5379,2/5/2021 18:13,379.14,not completed,card
1253,3300,2876,11/6/2021 7:26,378.52,completed,card
1254,2736,9316,6/19/2021 2:31,144.38,pending,cash
1255,7615,5444,3/20/2021 20:25,458.66,not completed,cash
1256,4006,6860,1/9/2021 4:01,891.54,completed,card
1257,3939,9345,2/6/2021 11:23,897.84,completed,cash
1258,3460,1019,10/22/2021 9:40,776.65,not completed,apple pay
1259,1258,4312,11/26/2020 7:04,68.63,not completed,card
1260,7395,6965,2/27/2021 8:12,997.36,completed,apple pay
1261,2913,2630,1/12/2021 12:41,665.62,not completed,card
1262,1616,9126,5/24/2021 2:12,790.4,completed,cash
1263,1982,4165,5/27/2021 22:31,251.86,pending,cash
1264,5036,3204,5/8/2021 11:03,692.43,completed,cash
1265,6535,4910,1/2/2021 0:46,585.27,pending,apple pay
1266,9535,2047,1/11/2021 9:02,455.79,pending,cash
1267,9329,6097,10/5/2021 7:19,809.06,completed,card
1268,8705,7875,8/27/2021 15:29,494.4,completed,apple pay
1269,8581,6039,2/15/2021 1:26,478.58,completed,card
1270,9919,7140,4/7/2021 10:35,227.83,pending,apple pay
1271,5808,8506,10/5/2021 10:21,926.95,not completed,card
1272,3087,8967,10/2/2021 19:12,44.26,not completed,cash
1273,5559,2385,4/4/2021 1:39,721.59,pending,apple pay
1274,3742,4833,10/16/2021 9:48,872.97,pending,apple pay
1275,3935,2967,3/8/2021 5:03,454.71,pending,cash
1276,3069,1356,8/6/2021 11:25,956.3,completed,cash
1277,2198,6211,12/5/2020 12:42,711.51,not completed,apple pay
1278,9913,1071,9/2/2021 8:38,636.84,not completed,apple pay
1279,2075,5588,8/20/2021 9:33,700.23,not completed,cash
1280,8607,7525,2/19/2021 23:41,119.37,pending,apple pay
1281,3632,4012,8/26/2021 8:12,721.26,completed,card
1282,4322,3639,7/19/2021 17:38,820.18,pending,cash
1283,5939,4001,8/15/2021 11:42,678.85,completed,cash
1284,9925,1152,12/26/2020 22:15,951.5,not completed,cash
1285,9197,9491,9/20/2021 19:33,564.61,completed,apple pay
1286,8103,6149,12/15/2020 6:35,204.09,not completed,card
1287,5120,4553,9/3/2021 20:04,197.78,pending,cash
1288,7639,5820,3/21/2021 22:46,407.39,pending,apple pay
1289,2369,5449,7/10/2021 15:54,663.09,not completed,card
1290,7017,2487,11/16/2020 18:42,470.1,pending,apple pay
1291,3939,7258,10/11/2021 15:15,725.38,not completed,apple pay
1292,9324,9340,1/6/2021 12:06,328.61,not completed,apple pay
1293,3887,4994,2/18/2021 0:34,274.5,pending,apple pay
1294,1724,7044,2/4/2021 12:53,915.32,completed,cash
1295,7373,4774,12/11/2020 10:41,293.39,completed,card
1296,7999,1248,4/27/2021 20:39,774.44,pending,apple pay
1297,8739,6249,10/3/2021 12:58,186.6,pending,cash
1298,1159,6022,8/27/2021 3:31,486.47,completed,cash
1299,9292,5940,4/5/2021 4:36,792.09,pending,cash
1300,8520,2203,12/28/2020 9:09,319.8,not completed,apple pay
1301,4173,9553,6/30/2021 14:52,439.25,pending,card
1302,9726,6124,1/21/2021 12:43,701.94,pending,card
1303,2395,1228,8/27/2021 17:21,647.1,not completed,apple pay
1304,2861,6009,8/5/2021 19:12,241.91,completed,cash
1305,7351,4597,1/10/2021 8:52,111.57,pending,card
1306,2343,2348,9/7/2021 5:14,816.66,completed,apple pay
1307,4826,2337,5/18/2021 2:47,940.12,completed,apple pay
1308,2569,2955,12/4/2020 21:49,761.76,pending,cash
1309,6028,4744,1/17/2021 18:02,700.3,pending,cash
1310,9824,9097,8/16/2021 10:59,347.44,not completed,card
1311,5449,3059,11/9/2020 22:59,569.24,not completed,card
1312,4632,8347,12/6/2020 21:07,743.81,completed,card
1313,7043,6489,12/13/2020 18:28,388.49,completed,cash
1314,1350,5698,5/18/2021 19:52,327.16,pending,card
1315,1711,5519,11/21/2020 8:50,700.35,pending,apple pay
1316,9359,7591,4/30/2021 15:14,99.53,not completed,cash
1317,4928,5803,2/21/2021 9:45,666.67,completed,cash
1318,7769,8732,1/23/2021 3:03,466.93,pending,cash
1319,8319,2045,3/11/2021 9:31,789.18,completed,cash
1320,8853,9703,2/4/2021 3:14,577.42,pending,cash
1321,9404,6363,8/25/2021 12:22,865.46,completed,card
1322,1170,6480,4/11/2021 1:49,183.85,completed,cash
1323,2521,8453,4/24/2021 11:48,436.63,pending,card
1324,5114,4299,11/13/2020 7:12,259.11,not completed,cash
1325,7642,3633,8/19/2021 17:17,494.96,not completed,card
1326,9421,1133,7/12/2021 1:07,128.71,pending,cash
1327,1292,3951,1/11/2021 16:00,934.91,not completed,card
1328,8572,5194,9/18/2021 11:53,810.59,pending,cash
1329,4515,3900,6/17/2021 22:01,503.67,pending,apple pay
1330,7126,7160,3/19/2021 10:44,624.81,completed,card
1331,3838,2557,5/1/2021 20:19,667.48,pending,apple pay
1332,5875,7337,12/28/2020 9:04,107.47,completed,card
1333,3983,2156,4/20/2021 5:32,688.25,not completed,card
1334,3852,2099,7/10/2021 9:07,890.49,not completed,card
1335,6543,7456,3/16/2021 21:26,697.02,completed,card
1336,8313,6505,2/7/2021 17:39,444.07,completed,apple pay
1337,5656,3530,6/6/2021 12:56,379.7,pending,apple pay
1338,8099,6729,5/10/2021 14:55,15.59,not completed,apple pay
1339,4993,7402,2/8/2021 13:45,133.76,not completed,card
1340,5309,4208,7/21/2021 13:46,396.55,not completed,apple pay
1341,1013,1227,1/1/2021 5:57,321.74,pending,cash
1342,7489,5359,12/14/2020 22:04,175.33,completed,apple pay
1343,9721,1071,12/25/2020 4:06,814.53,not completed,card
1344,9467,6860,3/17/2021 11:02,523.66,pending,card
1345,5602,3542,6/15/2021 4:31,56.34,not completed,cash
1346,5176,1269,7/23/2021 16:30,155.4,completed,cash
1347,9200,5686,8/19/2021 17:23,127.85,pending,cash
1348,7055,3777,6/1/2021 2:45,332.78,not completed,card
1349,4570,3744,12/16/2020 1:39,531,completed,cash
1350,3476,3953,5/29/2021 14:38,524.37,pending,apple pay
1351,2161,9964,7/11/2021 3:21,200.35,not completed,card
1352,8277,7266,12/22/2020 7:50,915.59,completed,apple pay
1353,5671,8794,8/19/2021 22:58,187.06,completed,apple pay
1354,1268,9809,12/29/2020 8:30,743.5,completed,cash
1355,6161,6081,8/20/2021 16:14,558.8,pending,card
1356,7889,1626,1/6/2021 6:32,829.16,completed,card
1357,4500,6640,6/9/2021 19:40,392.57,not completed,card
1358,7048,1658,1/30/2021 8:00,65.08,pending,card
1359,1609,7989,5/21/2021 16:10,436.73,completed,apple pay
1360,5945,1694,4/2/2021 11:28,477.78,pending,cash
1361,7485,5277,5/23/2021 18:19,670.85,completed,cash
1362,3140,7993,11/22/2020 18:15,26.41,not completed,cash
1363,3095,1940,11/13/2020 12:47,211.5,not completed,card
1364,5035,3298,8/9/2021 15:22,49.02,pending,apple pay
1365,9290,1704,6/13/2021 21:34,146.01,completed,cash
1366,8889,4130,12/29/2020 23:54,191.63,completed,apple pay
1367,8809,3635,12/20/2020 13:10,442.56,pending,apple pay
1368,6124,3758,12/6/2020 7:36,160.99,not completed,cash
1369,8982,7256,1/15/2021 6:05,590.79,not completed,apple pay
1370,5154,5113,12/6/2020 11:10,999.32,not completed,apple pay
1371,3431,9428,7/15/2021 11:10,990.13,not completed,card
1372,5024,9282,9/12/2021 21:01,137.24,completed,apple pay
1373,6065,8973,10/8/2021 22:18,595.51,completed,card
1374,4011,5035,11/6/2021 8:45,283.22,not completed,cash
1375,8344,6089,5/23/2021 15:54,236.96,not completed,apple pay
1376,7071,4457,10/21/2021 2:23,958.16,not completed,apple pay
1377,5612,5635,5/27/2021 21:32,646.32,completed,apple pay
1378,3841,1902,11/9/2020 9:41,253.29,not completed,apple pay
1379,3911,2070,2/19/2021 19:22,407.88,not completed,cash
1380,5888,6376,9/26/2021 15:14,224.21,completed,cash
1381,5270,7226,8/12/2021 4:58,570.41,not completed,cash
1382,8902,7331,6/30/2021 4:48,893.18,not completed,card
1383,5200,6306,1/27/2021 14:58,393.46,pending,card
1384,9372,3697,7/20/2021 4:30,341.28,completed,apple pay
1385,4003,9693,6/3/2021 13:45,372.17,pending,cash
1386,4390,2038,7/29/2021 16:36,805.27,not completed,card
1387,1933,5436,6/5/2021 13:03,96.95,pending,cash
1388,1414,2758,10/12/2021 4:16,238.45,not completed,apple pay
1389,9750,5385,3/2/2021 1:33,792.46,completed,apple pay
1390,8807,9608,1/12/2021 0:35,423.03,not completed,cash
1391,5844,5795,9/5/2021 22:37,727.71,completed,apple pay
1392,5270,7764,5/23/2021 17:28,996.09,not completed,apple pay
1393,4394,4254,10/29/2021 12:09,128.08,not completed,cash
1394,1170,9548,4/15/2021 18:57,435.48,pending,cash
1395,5220,9279,3/21/2021 9:40,91.99,completed,cash
1396,3539,4615,2/20/2021 17:50,435.35,not completed,cash
1397,1624,3937,5/22/2021 22:19,687.38,not completed,apple pay
1398,9359,4618,1/29/2021 1:23,239.18,completed,card
1399,1047,3582,10/9/2021 17:45,479.9,not completed,apple pay
1400,4459,9022,3/2/2021 0:01,993.14,completed,cash
1401,6815,4368,10/18/2021 16:46,843,not completed,apple pay
1402,1813,6266,2/23/2021 17:52,760.25,completed,apple pay
1403,4074,1135,7/17/2021 22:31,15.78,pending,apple pay
1404,9249,1672,7/16/2021 5:48,580.33,pending,apple pay
1405,3829,9326,6/9/2021 20:11,973.49,pending,card
1406,7394,2841,1/25/2021 16:06,396.38,pending,card
1407,4326,2101,10/25/2021 13:39,300.75,completed,card
1408,2717,2775,10/29/2021 5:51,974.21,completed,apple pay
1409,5544,2858,10/23/2021 18:35,502.38,completed,card
1410,3568,6991,12/16/2020 0:21,291.3,completed,card
1411,8549,9567,8/17/2021 6:24,337.53,not completed,card
1412,5365,4130,7/8/2021 12:59,152.4,not completed,apple pay
1413,9514,1156,7/3/2021 10:11,947.85,pending,apple pay
1414,5929,8141,11/30/2020 16:12,886.29,pending,apple pay
1415,9771,7132,1/31/2021 23:21,513.22,pending,card
1416,3571,2376,9/15/2021 19:45,885.36,completed,apple pay
1417,3851,3988,9/23/2021 17:24,735.33,pending,card
1418,9163,3407,1/10/2021 23:10,514.73,completed,apple pay
1419,5694,2788,2/28/2021 2:43,259.28,completed,cash
1420,4014,2783,3/30/2021 6:03,705.85,pending,card
1421,5083,5011,2/19/2021 10:56,308.14,not completed,apple pay
1422,9078,3830,7/1/2021 11:30,835.64,completed,card
1423,1197,4897,4/17/2021 22:59,105.31,pending,apple pay
1424,8798,7070,5/24/2021 13:21,751.57,not completed,apple pay
1425,5987,1624,12/3/2020 2:27,332.8,not completed,cash
1426,3959,7454,10/30/2021 23:53,673.32,completed,apple pay
1427,5148,4436,11/27/2020 9:41,923.41,pending,apple pay
1428,8927,1577,3/5/2021 3:06,350.23,pending,card
1429,9772,4207,1/28/2021 6:38,440.77,completed,apple pay
1430,7711,9585,1/9/2021 14:02,481.61,completed,apple pay
1431,9470,7841,12/16/2020 4:05,257.8,completed,card
1432,5618,3460,9/26/2021 14:02,855.44,completed,cash
1433,6428,5359,2/5/2021 12:34,470.69,not completed,cash
1434,7977,6365,8/28/2021 5:24,111.04,not completed,apple pay
1435,9153,6875,5/31/2021 3:28,778.33,not completed,apple pay
1436,5304,2735,12/19/2020 0:36,851.74,pending,apple pay
1437,4104,8571,10/15/2021 16:50,994.75,not completed,apple pay
1438,5338,7057,5/13/2021 20:48,176.69,pending,cash
1439,8987,6210,12/28/2020 13:10,883.74,pending,cash
1440,6688,3313,12/20/2020 11:23,911.11,not completed,apple pay
1441,7681,3166,12/4/2020 2:44,964.59,pending,cash
1442,5625,8130,11/29/2020 19:54,656.24,not completed,card
1443,1942,1847,6/26/2021 5:33,389.61,not completed,apple pay
1444,7726,8346,3/25/2021 8:43,848.04,pending,apple pay
1445,8981,5028,9/23/2021 9:20,570.48,completed,card
1446,6694,8278,11/8/2020 11:39,416.73,completed,apple pay
1447,1597,5311,3/5/2021 7:00,789.17,completed,card
1448,7432,9323,10/13/2021 21:44,645.58,pending,apple pay
1449,2873,4245,7/25/2021 10:35,771.98,completed,cash
1450,6709,7949,6/30/2021 9:48,836.24,pending,cash
1451,9936,4434,11/6/2021 23:34,51.89,not completed,apple pay
1452,4491,2612,6/28/2021 7:42,559.23,not completed,cash
1453,9163,2552,10/11/2021 20:32,188.36,pending,cash
1454,2487,4534,8/30/2021 21:01,900.81,pending,apple pay
1455,5799,9074,9/28/2021 0:20,111.25,not completed,cash
1456,2235,6794,10/17/2021 7:36,637.51,not completed,apple pay
1457,1872,8267,7/27/2021 18:26,865.17,pending,card
1458,2046,5560,6/28/2021 15:53,889.66,not completed,cash
1459,9658,1559,1/14/2021 13:02,385.25,not completed,card
1460,5510,7199,4/12/2021 10:16,760.38,completed,card
1461,3027,8640,1/3/2021 17:10,944.03,pending,cash
1462,5922,6934,12/14/2020 2:25,871.3,completed,card
1463,2533,9649,3/16/2021 18:41,547.9,not completed,cash
1464,1094,2764,6/13/2021 20:24,926.49,completed,card
1465,5617,2383,12/19/2020 6:31,36.96,pending,cash
1466,9443,1733,10/8/2021 4:03,11.46,completed,apple pay
1467,4651,9106,6/18/2021 19:07,159.81,pending,apple pay
1468,8603,3001,4/14/2021 8:03,758.95,completed,cash
1469,4801,3087,6/15/2021 20:49,641.6,pending,card
1470,1689,7522,6/27/2021 19:52,578.33,not completed,card
1471,8550,4991,7/9/2021 17:24,342.35,pending,cash
1472,2966,7191,1/25/2021 17:32,548.04,not completed,apple pay
1473,1581,3542,1/25/2021 9:36,979.08,not completed,cash
1474,1316,9635,6/15/2021 4:32,66.97,not completed,apple pay
1475,3336,2984,3/20/2021 17:00,300.84,completed,card
1476,4358,4704,10/26/2021 7:02,343.09,completed,card
1477,5679,5437,10/10/2021 16:52,423.66,completed,apple pay
1478,6092,1009,1/23/2021 8:53,274.83,completed,apple pay
1479,3353,4354,6/3/2021 20:19,673.48,completed,apple pay
1480,2045,2386,8/8/2021 19:31,233.3,completed,cash
1481,9732,4389,6/3/2021 6:45,359.84,completed,apple pay
1482,5670,3314,7/18/2021 2:28,616.5,completed,card
1483,7859,9786,4/2/2021 18:17,851.93,not completed,cash
1484,5458,1710,4/10/2021 9:35,786.1,not completed,card
1485,7748,5382,3/23/2021 19:45,174.31,pending,card
1486,9268,9881,3/5/2021 9:44,370.55,not completed,apple pay
1487,4059,1182,4/22/2021 4:26,996.78,not completed,apple pay
1488,7270,8680,6/18/2021 21:14,329.51,completed,card
1489,8648,6989,2/28/2021 23:38,237.41,pending,card
1490,4245,8362,4/9/2021 19:42,769.71,completed,cash
1491,8083,1903,11/3/2021 13:31,400.75,not completed,card
1492,9202,3951,2/24/2021 7:34,928.41,pending,card
1493,9191,9435,5/9/2021 15:05,321,not completed,apple pay
1494,1218,5716,11/20/2020 8:32,765.18,pending,apple pay
1495,2978,1767,12/30/2020 5:24,230.23,not completed,cash
1496,1049,8758,12/25/2020 18:17,781.86,pending,card
1497,1340,1241,10/20/2021 0:31,263.81,completed,cash
1498,1083,1797,10/29/2021 9:27,745.92,not completed,apple pay
1499,2436,2754,2/21/2021 21:23,243.95,not completed,cash
1500,5241,7863,10/30/2021 7:31,835.89,pending,cash
1501,4112,6547,6/24/2021 5:28,749.77,not completed,cash
1502,6002,3734,3/4/2021 12:31,283.9,pending,card
1503,4999,6652,10/26/2021 8:09,930.48,pending,card
1504,2728,8908,4/21/2021 12:50,576.81,not completed,apple pay
1505,9117,9669,6/4/2021 22:30,524.66,not completed,card
1506,5416,1271,3/24/2021 14:27,833.09,pending,apple pay
1507,2810,5293,11/2/2021 17:08,293.49,pending,card
1508,7488,3700,9/26/2021 4:03,148.1,completed,cash
1509,2936,1589,9/9/2021 11:31,376.19,completed,cash
1510,2494,5979,3/13/2021 23:03,353.59,completed,cash
1511,6261,4553,10/21/2021 23:10,408.42,completed,apple pay
1512,4181,5606,6/25/2021 0:48,992.53,not completed,card
1513,6731,4788,10/11/2021 10:17,320.33,not completed,apple pay
1514,9277,2512,10/4/2021 20:37,53.26,completed,card
1515,2089,4773,11/21/2020 14:42,307.03,completed,apple pay
1516,4180,9679,5/23/2021 7:51,29.34,not completed,cash
1517,2125,5707,11/10/2020 21:35,980.92,completed,card
1518,1040,8180,10/24/2021 8:22,750.21,pending,apple pay
1519,5181,2349,10/19/2021 16:23,121.19,pending,cash
1520,7731,1653,3/7/2021 22:34,597.65,pending,card
1521,4916,1639,6/13/2021 20:45,558.42,pending,cash
1522,5166,5230,10/7/2021 6:54,83.92,completed,apple pay
1523,8880,1583,4/16/2021 7:22,330.05,completed,cash
1524,6436,8326,5/22/2021 2:51,268.22,pending,apple pay
1525,4630,9252,2/4/2021 10:38,70.78,completed,cash
1526,1319,2576,11/1/2021 8:16,225.44,pending,apple pay
1527,8251,8155,11/6/2021 6:11,432.27,completed,apple pay
1528,8706,9336,7/2/2021 0:47,726.92,completed,cash
1529,9153,6915,10/24/2021 22:38,390.7,not completed,apple pay
1530,6679,6134,9/28/2021 21:41,192.33,pending,apple pay
1531,4181,6362,5/29/2021 0:57,832.71,not completed,apple pay
1532,9741,5957,12/15/2020 7:46,703.78,not completed,card
1533,9881,7430,6/30/2021 10:05,634.21,not completed,apple pay
1534,9293,8475,10/19/2021 7:27,639.83,not completed,card
1535,5592,1364,5/15/2021 12:54,71.6,not completed,apple pay
1536,5105,4164,10/27/2021 4:58,122.25,completed,apple pay
1537,1510,6606,3/11/2021 23:08,317.98,completed,card
1538,1028,3438,1/22/2021 10:28,802.94,not completed,card
1539,6604,9354,3/26/2021 8:49,623.31,completed,card
1540,5630,8744,7/9/2021 16:05,453.9,completed,card
1541,2094,9807,11/25/2020 2:41,687.43,completed,card
1542,9442,3398,10/27/2021 13:00,325.76,pending,apple pay
1543,3706,1437,3/24/2021 14:37,957.69,not completed,apple pay
1544,2709,7493,8/8/2021 8:37,656.2,pending,cash
1545,5081,5293,8/20/2021 1:57,627.21,pending,apple pay
1546,4518,5834,8/15/2021 14:59,46.75,pending,apple pay
1547,1176,8913,4/28/2021 16:36,515.78,pending,cash
1548,1802,2526,9/13/2021 8:43,435.95,completed,cash
1549,8795,4597,10/13/2021 14:33,75.3,pending,card
1550,6277,3983,7/25/2021 6:21,606.45,completed,card
1551,3609,8065,11/3/2021 19:42,420.53,pending,cash
1552,5202,8146,1/11/2021 6:29,944.14,pending,cash
1553,6462,9293,4/30/2021 3:12,358.8,completed,apple pay
1554,5135,2018,10/1/2021 22:02,682,not completed,card
1555,8643,2755,4/2/2021 15:55,441.73,pending,card
1556,8676,5006,1/27/2021 1:21,882.93,completed,apple pay
1557,9585,5371,12/20/2020 8:46,116.09,not completed,cash
1558,3440,3886,12/25/2020 13:24,331.22,not completed,apple pay
1559,5088,8608,12/29/2020 14:35,48.52,not completed,apple pay
1560,8237,5265,12/24/2020 7:01,2.96,completed,card
1561,6699,2355,3/7/2021 6:35,186.22,pending,apple pay
1562,3161,8180,8/10/2021 5:50,328.49,pending,apple pay
1563,3972,5692,3/3/2021 3:09,967.18,pending,apple pay
1564,2237,5915,10/8/2021 12:18,80.75,not completed,cash
1565,6248,2006,10/29/2021 9:38,847.94,completed,cash
1566,5757,8516,3/10/2021 3:35,248.05,pending,card
1567,9531,7697,11/18/2020 18:30,477.25,completed,card
1568,5278,6542,6/29/2021 20:36,479.05,completed,cash
1569,3229,5149,1/13/2021 18:14,719.18,completed,cash
1570,6375,4429,2/9/2021 20:07,155.8,not completed,card
1571,4506,9875,10/28/2021 18:05,773.64,not completed,card
1572,6340,3672,5/29/2021 19:44,463.94,pending,card
1573,5755,3826,11/26/2020 16:03,948.68,not completed,cash
1574,9627,7200,4/7/2021 3:52,748.57,completed,card
1575,1272,4913,3/21/2021 20:39,557.1,completed,apple pay
1576,7944,9906,9/3/2021 22:47,396.3,not completed,apple pay
1577,7191,9547,4/14/2021 1:59,860.75,pending,cash
1578,3722,7384,4/4/2021 17:44,304.16,completed,cash
1579,7274,4086,1/25/2021 7:11,234.71,completed,apple pay
1580,8034,9355,11/8/2020 2:49,323.41,completed,apple pay
1581,8540,8349,7/17/2021 17:13,51.9,not completed,cash
1582,3225,9725,5/29/2021 17:22,324.51,not completed,apple pay
1583,6328,8410,10/1/2021 14:06,126.48,completed,apple pay
1584,3476,1081,9/13/2021 4:11,54.45,pending,card
1585,7263,9654,9/23/2021 10:06,284.86,pending,card
1586,1193,7907,5/2/2021 21:54,705.2,pending,card
1587,9156,9056,12/30/2020 18:43,71.42,completed,card
1588,6406,5605,11/29/2020 3:42,980.64,not completed,card
1589,8869,1408,5/5/2021 17:16,14.1,pending,cash
1590,8641,7620,11/20/2020 23:32,983.55,pending,apple pay
1591,1132,3391,1/29/2021 20:42,715.01,completed,apple pay
1592,8785,2228,9/30/2021 14:33,35.33,not completed,apple pay
1593,1616,2890,3/24/2021 5:53,510.67,completed,apple pay
1594,3160,1201,4/2/2021 8:10,546.6,pending,card
1595,7243,6173,4/22/2021 13:36,489.88,not completed,apple pay
1596,5523,4221,5/20/2021 8:06,446.02,completed,card
1597,9841,6468,12/13/2020 19:59,308.29,pending,cash
1598,6185,6099,8/22/2021 14:54,130.15,not completed,card
1599,6948,1959,5/20/2021 7:56,24.51,pending,cash
1600,1057,3474,8/12/2021 0:55,300.5,completed,card
1601,5963,8388,5/21/2021 7:45,383.08,not completed,cash
1602,8235,3041,4/15/2021 20:34,416.52,pending,cash
1603,7593,4791,8/17/2021 11:58,776.48,not completed,cash
1604,8502,4917,10/31/2021 4:31,803.84,completed,card
1605,8511,4656,10/4/2021 3:09,606.23,not completed,apple pay
1606,4137,6384,6/26/2021 3:32,796.55,not completed,apple pay
1607,3659,3424,8/27/2021 23:06,922.61,not completed,cash
1608,5915,5101,2/24/2021 9:32,929.59,completed,apple pay
1609,7524,7417,10/20/2021 21:43,963.83,completed,cash
1610,4604,3360,4/14/2021 8:05,532.39,completed,card
1611,9056,2910,3/12/2021 9:16,614.13,completed,cash
1612,3082,9287,10/15/2021 7:30,829.9,not completed,cash
1613,3300,8449,10/30/2021 1:02,204.54,completed,card
1614,4783,2518,7/29/2021 8:10,538.58,not completed,apple pay
1615,9864,8994,11/6/2021 4:13,706.74,pending,cash
1616,1484,1757,3/28/2021 9:02,771.95,pending,card
1617,4089,6547,12/20/2020 6:11,247.28,not completed,card
1618,1657,5023,7/25/2021 11:19,159.03,not completed,card
1619,2258,7236,10/18/2021 14:23,104.02,completed,cash
1620,8570,5451,4/14/2021 13:14,50.13,not completed,apple pay
1621,5154,3852,12/31/2020 22:48,215.58,pending,apple pay
1622,4135,5690,8/7/2021 17:38,858.66,pending,apple pay
1623,7470,6476,1/9/2021 17:39,364.56,not completed,cash
1624,5301,6616,1/17/2021 10:32,490.92,pending,cash
1625,6522,1273,3/29/2021 2:15,873.88,completed,apple pay
1626,4467,8719,5/20/2021 19:21,515.69,not completed,card
1627,6649,4732,10/1/2021 8:43,144.48,pending,cash
1628,3556,9237,1/8/2021 3:34,186.28,pending,cash
1629,7759,9488,4/22/2021 21:07,825.93,not completed,apple pay
1630,6141,4502,8/22/2021 5:59,234.16,pending,cash
1631,7430,5272,6/4/2021 8:51,572.37,pending,cash
1632,5385,7653,6/17/2021 17:03,614.55,pending,apple pay
1633,8266,3216,3/18/2021 19:37,334.15,not completed,card
1634,6216,2213,8/14/2021 16:45,553.47,not completed,apple pay
1635,4492,6488,9/7/2021 7:16,486.5,pending,card
1636,4877,6714,11/10/2020 6:39,837.94,pending,cash
1637,6251,2137,10/9/2021 4:22,342.99,pending,cash
1638,2514,5311,10/20/2021 11:51,90.05,not completed,apple pay
1639,2932,8074,2/21/2021 6:00,881.37,pending,apple pay
1640,5163,5632,11/20/2020 13:35,350.52,pending,cash
1641,8736,2444,2/21/2021 16:34,832.37,completed,apple pay
1642,4719,7962,5/14/2021 15:49,561.35,pending,cash
1643,4564,4430,7/23/2021 1:57,306.03,not completed,card
1644,8812,1062,1/27/2021 16:03,301.51,not completed,apple pay
1645,5525,8727,6/16/2021 15:19,630.75,not completed,card
1646,7813,2419,1/10/2021 3:52,733,completed,card
1647,4941,8606,2/26/2021 2:13,818.64,not completed,card
1648,6549,3303,2/14/2021 21:54,103.01,not completed,apple pay
1649,8796,4715,5/31/2021 23:30,193.67,pending,cash
1650,7367,8420,1/19/2021 14:16,117.57,pending,card
1651,2685,3842,1/8/2021 9:34,926.22,completed,card
1652,5675,2949,7/30/2021 15:33,520.63,not completed,apple pay
1653,7210,7280,3/14/2021 8:35,623.61,pending,cash
1654,9797,1896,5/12/2021 12:58,85.94,pending,apple pay
1655,6809,1160,9/5/2021 18:09,729.36,pending,apple pay
1656,6967,1197,10/14/2021 23:24,560.57,pending,apple pay
1657,6547,6761,5/26/2021 18:47,223.19,completed,cash
1658,8489,5105,10/11/2021 7:26,838.09,not completed,apple pay
1659,7297,2383,5/9/2021 9:41,313.45,not completed,card
1660,3495,6247,5/29/2021 4:55,802.86,not completed,apple pay
1661,7223,2928,7/15/2021 8:23,947.06,not completed,cash
1662,5517,9033,2/21/2021 17:24,503.39,pending,apple pay
1663,2756,3336,8/9/2021 15:22,176.12,completed,apple pay
1664,5027,8422,5/10/2021 22:45,347.01,completed,card
1665,1316,6011,1/11/2021 2:52,944.38,completed,apple pay
1666,9353,6182,4/18/2021 2:35,206.94,pending,card
1667,5410,8818,6/6/2021 20:44,35.02,completed,apple pay
1668,6689,7696,1/8/2021 18:21,870.71,pending,apple pay
1669,5244,2332,1/8/2021 2:14,591.14,completed,apple pay
1670,1088,2970,6/21/2021 7:52,229.73,not completed,apple pay
1671,3965,3036,10/9/2021 7:20,314.6,not completed,card
1672,2609,3946,9/16/2021 22:08,419.68,pending,cash
1673,9326,9211,9/1/2021 22:08,380.04,not completed,card
1674,9722,5654,8/18/2021 18:49,1.87,pending,cash
1675,3601,4254,3/12/2021 21:51,397.29,completed,apple pay
1676,7149,2647,5/11/2021 7:46,17.33,not completed,card
1677,7401,5514,8/21/2021 15:40,986.99,not completed,cash
1678,5258,7594,3/26/2021 15:29,950.54,completed,card
1679,8440,2490,5/8/2021 11:44,841.29,pending,cash
1680,1388,7313,5/23/2021 11:44,517.3,completed,card
1681,6657,2923,1/12/2021 23:20,889.51,pending,card
1682,1948,8608,7/14/2021 5:07,559.95,pending,apple pay
1683,6398,6332,11/6/2021 12:09,147.28,not completed,cash
1684,8416,2111,8/6/2021 9:13,485.92,pending,cash
1685,9832,5791,5/19/2021 2:35,666.78,pending,apple pay
1686,3772,8185,11/23/2020 4:18,541.26,completed,apple pay
1687,2434,2593,10/12/2021 5:57,646.28,completed,card
1688,5292,6466,10/7/2021 8:14,84.7,completed,apple pay
1689,9218,6001,4/9/2021 4:58,74.21,completed,cash
1690,2308,8478,10/6/2021 5:46,863.38,not completed,apple pay
1691,9005,1130,1/10/2021 19:17,940.59,not completed,apple pay
1692,7081,4906,5/23/2021 6:35,585.39,completed,cash
1693,8701,9018,10/8/2021 11:36,688.87,completed,cash
1694,5300,4370,8/7/2021 10:05,92.07,completed,cash
1695,9347,2840,9/16/2021 23:24,816.18,pending,card
1696,2385,2644,10/9/2021 5:14,328.12,pending,card
1697,5517,8269,6/14/2021 17:03,460.74,not completed,card
1698,2149,8688,12/21/2020 16:19,553.69,pending,card
1699,4687,7879,1/25/2021 7:51,755.06,not completed,card
1700,2680,8174,1/12/2021 15:47,481.88,completed,apple pay
1701,3078,8590,11/12/2020 11:16,467.68,not completed,card
1702,5821,4365,5/28/2021 17:47,960.29,pending,card
1703,7359,9235,6/16/2021 7:43,318.94,completed,card
1704,4873,5433,2/1/2021 0:29,894.02,not completed,card
1705,9847,7048,7/24/2021 9:21,457.4,completed,cash
1706,4158,3537,1/24/2021 9:07,692.7,completed,card
1707,4071,3228,6/7/2021 5:57,997.75,completed,card
1708,1000,2200,8/19/2021 5:56,975.19,not completed,cash
1709,6496,6254,12/23/2020 0:21,655.79,not completed,cash
1710,8187,9932,7/25/2021 15:33,606.09,completed,apple pay
1711,1329,9462,6/5/2021 15:30,320.31,not completed,card
1712,9952,7715,1/10/2021 18:08,420.15,pending,card
1713,6030,5655,6/11/2021 7:59,314.19,not completed,cash
1714,4859,5533,1/18/2021 7:17,618.5,pending,card
1715,1919,9428,7/16/2021 9:43,265.34,not completed,card
1716,2317,4596,7/6/2021 3:04,762.84,not completed,apple pay
1717,6538,6102,11/16/2020 12:44,701.5,completed,card
1718,5800,2146,11/21/2020 6:25,15.05,not completed,apple pay
1719,1374,6301,3/17/2021 16:58,693.58,not completed,apple pay
1720,7406,1138,5/25/2021 21:34,393.89,completed,apple pay
1721,8754,1606,8/19/2021 8:15,515.75,completed,cash
1722,5989,8602,1/14/2021 8:07,212.89,pending,cash
1723,5961,5221,12/14/2020 1:21,33.76,pending,card
1724,5438,5142,10/21/2021 13:01,545.11,not completed,apple pay
1725,2336,5443,12/10/2020 20:56,910.8,completed,apple pay
1726,2603,4841,5/13/2021 5:17,818.72,completed,apple pay
1727,3450,4093,8/1/2021 3:34,255.82,completed,cash
1728,3439,3895,10/12/2021 7:38,648.8,not completed,card
1729,6854,5004,8/28/2021 0:30,192.14,not completed,card
1730,8646,5018,6/8/2021 10:31,923.24,pending,cash
1731,1083,2896,1/9/2021 14:48,324.11,pending,card
1732,5433,7634,8/28/2021 20:41,180.94,pending,apple pay
1733,7729,6950,4/25/2021 2:29,549.65,completed,cash
1734,4565,1048,7/9/2021 19:11,106.8,not completed,card
1735,7347,2195,2/12/2021 19:39,501.1,not completed,card
1736,3009,3821,6/8/2021 20:13,628.35,pending,cash
1737,3696,9127,9/10/2021 1:44,633.32,completed,cash
1738,6965,7406,4/20/2021 14:59,610.77,completed,apple pay
1739,5984,1294,7/19/2021 20:01,137.22,not completed,card
1740,7590,9419,9/16/2021 2:06,631.82,pending,cash
1741,1771,2410,1/21/2021 17:31,120.28,completed,card
1742,1043,5374,5/7/2021 8:22,263.81,pending,cash
1743,1919,2695,10/23/2021 3:34,456.62,pending,card
1744,2375,8794,7/28/2021 12:16,459.29,pending,cash
1745,8566,5192,4/17/2021 0:43,653.2,pending,apple pay
1746,4468,6346,12/12/2020 4:45,230.7,completed,apple pay
1747,5937,6412,12/10/2020 10:35,785.54,pending,cash
1748,2214,5692,7/25/2021 0:53,977.93,pending,apple pay
1749,9374,1935,9/11/2021 8:18,659.07,pending,card
1750,6796,3141,8/11/2021 17:06,458.28,pending,card
1751,5974,6990,9/17/2021 1:28,989.18,pending,card
1752,9904,8661,4/25/2021 8:47,132.9,pending,card
1753,9056,4260,5/1/2021 9:19,806.25,not completed,cash
1754,5261,1578,10/25/2021 17:03,692.72,not completed,cash
1755,2469,7687,9/29/2021 19:22,372.64,completed,apple pay
1756,2302,8238,7/7/2021 23:21,56.01,completed,card
1757,4332,5555,4/29/2021 2:45,509.8,pending,apple pay
1758,9186,1714,7/9/2021 8:19,125.77,not completed,cash
1759,3503,2666,9/11/2021 13:54,480.02,pending,card
1760,7225,1483,7/7/2021 13:37,967.12,pending,apple pay
1761,8886,9068,12/27/2020 23:31,334.24,completed,apple pay
1762,2217,2830,4/7/2021 17:56,122.01,pending,card
1763,4749,2613,4/11/2021 0:06,302.15,completed,cash
1764,8218,4136,10/17/2021 12:25,951.76,not completed,apple pay
1765,7659,9433,12/7/2020 12:58,755.76,completed,apple pay
1766,8854,9537,8/4/2021 20:34,297.31,pending,cash
1767,6682,8678,9/12/2021 8:14,106.13,completed,cash
1768,6280,3313,2/3/2021 3:14,633.42,not completed,card
1769,9405,2684,3/13/2021 20:18,686.8,pending,apple pay
1770,5677,3581,3/18/2021 4:39,309.76,completed,cash
1771,8353,4423,3/14/2021 2:39,5.97,not completed,card
1772,3024,1724,11/22/2020 12:23,688.69,pending,apple pay
1773,7065,2511,7/5/2021 3:55,688.14,pending,card
1774,2466,4063,10/23/2021 13:28,467.17,completed,cash
1775,4471,3598,12/18/2020 1:38,290.77,not completed,card
1776,7212,7166,2/11/2021 9:09,489.15,not completed,apple pay
1777,3907,4766,1/31/2021 2:57,51.5,not completed,cash
1778,3646,8700,8/6/2021 12:01,296.37,pending,cash
1779,9348,1876,3/16/2021 12:44,223.68,completed,cash
1780,3290,9773,12/1/2020 2:23,201.27,not completed,card
1781,1007,5480,8/14/2021 20:55,890.04,pending,card
1782,7193,4065,6/1/2021 4:43,748.75,not completed,card
1783,1241,5231,7/21/2021 20:32,223.39,not completed,card
1784,2073,8801,7/25/2021 3:32,875.11,completed,card
1785,6299,2326,11/29/2020 13:29,684.06,not completed,apple pay
1786,5316,7280,10/15/2021 0:10,749.04,completed,cash
1787,6524,8269,6/25/2021 23:57,690.16,pending,card
1788,6354,7288,1/29/2021 18:15,658.66,completed,card
1789,7983,8864,4/29/2021 13:18,37.18,completed,cash
1790,6309,9311,1/3/2021 10:15,17.66,completed,apple pay
1791,2109,4639,7/4/2021 10:13,88.58,not completed,card
1792,5879,8206,9/7/2021 1:49,18.17,pending,cash
1793,6504,7369,3/14/2021 9:15,157.4,completed,card
1794,8035,6884,10/26/2021 4:01,905.69,pending,cash
1795,8313,7831,5/16/2021 9:00,838.62,completed,card
1796,6219,1928,2/7/2021 20:23,986.28,completed,cash
1797,3364,5911,4/25/2021 14:04,2.48,completed,cash
1798,1156,7891,12/19/2020 12:15,17.42,not completed,card
1799,2856,1870,4/2/2021 4:59,58.74,not completed,apple pay
1800,8212,4969,5/26/2021 0:33,3.53,not completed,cash
1801,5338,8576,2/22/2021 7:32,689.18,not completed,apple pay
1802,1286,7314,12/4/2020 20:10,784.41,completed,apple pay
1803,2199,7506,4/30/2021 2:22,864.28,completed,cash
1804,3332,5148,5/27/2021 15:42,900.17,not completed,apple pay
1805,3531,7849,4/8/2021 17:22,33.18,pending,card
1806,4277,8437,7/16/2021 7:07,481.93,pending,card
1807,2768,6710,8/14/2021 6:18,862.95,pending,cash
1808,7218,4901,12/14/2020 9:07,1.55,pending,cash
1809,3662,7942,1/16/2021 6:34,207.32,pending,card
1810,2787,6752,2/4/2021 10:55,838.99,pending,apple pay
1811,6697,4689,3/19/2021 0:02,313.46,not completed,apple pay
1812,3549,8032,8/18/2021 3:58,614.48,pending,card
1813,5893,9648,3/8/2021 14:14,461.76,pending,cash
1814,3235,3905,6/3/2021 7:40,697.35,pending,card
1815,4051,8641,11/10/2020 15:09,123.94,completed,card
1816,8763,9713,9/10/2021 19:29,487.99,not completed,card
1817,3708,3852,9/8/2021 7:08,728.62,not completed,apple pay
1818,3181,4578,11/4/2021 4:31,568.86,completed,card
1819,4940,1593,11/30/2020 8:06,520.85,completed,card
1820,7269,2418,10/3/2021 10:04,389.68,pending,cash
1821,6239,3157,3/25/2021 1:53,151.18,completed,apple pay
1822,6443,5328,12/13/2020 6:21,301.31,not completed,cash
1823,4742,2706,3/28/2021 21:48,693.13,not completed,cash
1824,6718,2258,4/22/2021 19:05,339.82,pending,card
1825,6008,7454,9/21/2021 4:14,801.29,not completed,card
1826,6963,6089,12/15/2020 10:47,544.98,completed,card
1827,2357,9812,2/1/2021 19:51,715.79,not completed,apple pay
1828,9390,1218,6/7/2021 10:43,640.14,completed,apple pay
1829,4400,9139,7/26/2021 4:52,883.92,pending,cash
1830,6077,5018,12/30/2020 4:56,552.2,not completed,apple pay
1831,3869,3912,2/8/2021 5:59,880.98,completed,cash
1832,2868,8482,1/28/2021 14:07,927.67,not completed,card
1833,4462,1138,2/6/2021 2:28,907.2,pending,apple pay
1834,6394,6265,12/29/2020 0:39,154.86,completed,cash
1835,2260,1173,12/27/2020 3:12,734.54,pending,apple pay
1836,8456,1034,10/5/2021 10:15,667.64,completed,card
1837,7863,2329,2/22/2021 3:55,195.89,not completed,cash
1838,9881,5693,1/16/2021 3:57,355.09,completed,apple pay
1839,3646,8729,7/31/2021 12:58,403.06,pending,cash
1840,8895,5414,12/5/2020 2:14,922.97,completed,apple pay
1841,6533,1913,11/15/2020 5:18,652.39,pending,cash
1842,8448,4718,6/29/2021 20:32,843.7,not completed,cash
1843,1795,7959,8/4/2021 9:47,237.01,not completed,cash
1844,9404,7882,2/11/2021 14:17,369.65,pending,cash
1845,3922,9478,3/5/2021 18:02,612.49,pending,card
1846,6442,6692,10/2/2021 8:04,829.97,pending,card
1847,8264,2294,11/15/2020 13:21,866.82,completed,apple pay
1848,9490,9713,7/12/2021 7:22,182.97,not completed,cash
1849,3113,8924,10/6/2021 15:05,986.58,pending,card
1850,4640,4368,8/24/2021 12:20,412.11,not completed,card
1851,2483,6468,12/29/2020 11:00,400.72,pending,apple pay
1852,9055,6145,1/18/2021 16:12,137.34,completed,card
1853,4450,7236,11/19/2020 11:55,123.83,not completed,cash
1854,5971,4725,1/24/2021 6:56,269.54,not completed,cash
1855,9564,8722,5/23/2021 19:00,665.5,completed,card
1856,4565,9926,1/20/2021 9:14,384.59,not completed,card
1857,9087,3269,4/16/2021 18:21,939.06,not completed,cash
1858,2038,8871,7/14/2021 1:23,70.76,pending,card
1859,4719,1411,3/14/2021 14:53,891.45,not completed,card
1860,4540,7760,5/3/2021 17:39,621.46,pending,card
1861,6583,2165,9/22/2021 8:15,678.45,pending,apple pay
1862,8005,8966,11/17/2020 19:26,241.01,not completed,card
1863,5874,7693,11/13/2020 4:46,585.25,not completed,card
1864,4599,4645,1/1/2021 14:24,759.7,pending,card
1865,8660,9604,1/15/2021 20:58,972.35,completed,cash
1866,2294,6223,9/18/2021 17:34,653.58,not completed,card
1867,5883,6107,1/10/2021 6:40,684.64,completed,card
1868,1758,8912,4/5/2021 5:05,46.79,not completed,cash
1869,2233,3172,5/7/2021 8:22,421.4,completed,card
1870,9607,4752,4/29/2021 12:57,619.62,completed,cash
1871,1874,2734,8/29/2021 2:45,722.34,completed,card
1872,6123,5923,7/6/2021 16:14,17.56,not completed,card
1873,1101,2022,12/2/2020 6:11,359.2,pending,card
1874,8113,7375,3/13/2021 0:09,665.73,not completed,apple pay
1875,9104,8554,2/10/2021 1:00,25.79,completed,card
1876,1027,5535,9/22/2021 16:40,125.69,completed,card
1877,3564,8459,4/22/2021 0:13,119.45,completed,cash
1878,9428,8742,10/27/2021 22:49,47.29,completed,card
1879,1506,5224,12/13/2020 15:25,629.56,completed,card
1880,9149,9285,1/3/2021 1:35,539.52,not completed,card
1881,9262,9891,7/30/2021 23:28,344.41,not completed,card
1882,4217,3411,7/19/2021 17:35,161.78,pending,cash
1883,4851,6405,8/25/2021 1:15,683.17,completed,cash
1884,9747,8664,9/2/2021 9:50,30.49,pending,cash
1885,2833,3477,1/14/2021 2:41,848.56,completed,cash
1886,7029,1622,1/16/2021 1:52,160.04,not completed,apple pay
1887,3939,7081,2/26/2021 22:15,879.62,pending,card
1888,2420,9093,2/20/2021 4:49,667.99,pending,apple pay
1889,6357,7339,5/3/2021 7:27,514.57,completed,card
1890,6086,7938,10/9/2021 15:06,846.48,not completed,card
1891,1942,4966,2/28/2021 16:26,553.71,completed,apple pay
1892,3406,1621,10/9/2021 17:56,353.58,pending,apple pay
1893,7862,9110,6/3/2021 5:47,406.33,not completed,apple pay
1894,3200,4885,1/2/2021 8:15,373.76,pending,apple pay
1895,3990,5913,10/26/2021 8:45,584.57,pending,card
1896,8468,9167,1/2/2021 23:52,389.89,pending,apple pay
1897,3331,2609,2/17/2021 20:06,2.93,not completed,apple pay
1898,2639,4186,5/15/2021 22:16,273.29,completed,apple pay
1899,8490,5595,11/11/2020 6:53,599.92,completed,apple pay
1900,9767,4984,2/17/2021 15:00,624.65,completed,apple pay
1901,7476,1037,5/9/2021 13:55,203.19,not completed,apple pay
1902,1595,5043,10/21/2021 2:16,101.08,completed,apple pay
1903,8332,1730,8/25/2021 19:11,454.51,completed,cash
1904,6695,3214,2/5/2021 7:30,871.43,not completed,apple pay
1905,1691,8700,12/7/2020 19:34,314.04,completed,cash
1906,8607,7976,10/14/2021 4:27,145.24,pending,cash
1907,3731,1159,12/31/2020 12:45,553.29,not completed,cash
1908,2452,6190,2/17/2021 8:22,783.58,not completed,card
1909,4590,8022,12/9/2020 1:39,883.91,pending,cash
1910,6072,7013,6/10/2021 8:59,469.28,not completed,apple pay
1911,1324,3862,1/11/2021 19:17,465.16,completed,card
1912,9302,7325,9/16/2021 0:46,3.46,pending,card
1913,6104,7508,12/29/2020 18:10,810.83,not completed,apple pay
1914,7347,9515,6/22/2021 17:42,17,pending,apple pay
1915,6591,8059,3/13/2021 18:11,606.96,not completed,apple pay
1916,6462,3085,11/26/2020 16:13,965.87,completed,cash
1917,3641,3966,1/23/2021 2:36,621.63,pending,apple pay
1918,9026,4122,10/30/2021 20:00,875.21,not completed,apple pay
1919,9955,4588,6/15/2021 7:34,939,not completed,card
1920,9161,6365,3/30/2021 4:40,237.61,not completed,card
1921,8710,2168,8/16/2021 17:53,271.82,completed,apple pay
1922,9182,8557,6/8/2021 17:08,740.58,not completed,cash
1923,2279,9395,12/10/2020 0:23,724.35,not completed,apple pay
1924,8008,5919,4/20/2021 22:37,201.69,not completed,apple pay
1925,3188,6745,8/12/2021 11:07,698.14,not completed,card
1926,9326,2454,12/14/2020 5:23,690.88,completed,apple pay
1927,4457,5028,2/25/2021 13:00,920.72,pending,card
1928,9646,8828,9/3/2021 9:56,397.74,not completed,apple pay
1929,6385,7851,11/17/2020 19:49,104.39,not completed,card
1930,7079,3769,9/3/2021 9:01,331.27,completed,cash
1931,4244,3435,10/16/2021 19:59,654.16,pending,cash
1932,6631,6669,10/7/2021 7:20,275.06,not completed,apple pay
1933,9496,1814,2/23/2021 1:32,747.5,pending,cash
1934,7372,7322,11/27/2020 19:57,532.6,completed,card
1935,1579,4264,12/16/2020 13:56,961.24,completed,apple pay
1936,4416,2963,3/13/2021 1:41,586.96,completed,card
1937,3362,2283,5/6/2021 4:49,362,completed,card
1938,9760,3463,5/12/2021 17:32,831.51,not completed,cash
1939,8150,2627,12/3/2020 2:03,366.66,not completed,card
1940,4469,7729,11/26/2020 20:16,644.65,pending,card
1941,6769,7557,5/19/2021 18:31,117.19,not completed,cash
1942,5047,8712,4/13/2021 3:33,779.87,completed,apple pay
1943,7586,8993,12/8/2020 6:31,939.33,not completed,cash
1944,7702,6574,7/4/2021 7:26,8.25,pending,apple pay
1945,5679,5766,8/2/2021 2:56,834.53,pending,card
1946,5692,5184,5/6/2021 3:29,142.59,completed,apple pay
1947,2119,3572,8/16/2021 3:45,844.77,pending,card
1948,7101,8793,1/13/2021 15:53,267.76,not completed,cash
1949,3712,3402,8/5/2021 14:44,916.38,pending,cash
1950,4051,9089,11/2/2021 17:08,485.64,completed,card
1951,2064,4213,1/24/2021 17:22,728.64,completed,cash
1952,9324,6661,1/23/2021 7:52,573.78,pending,apple pay
1953,2148,6475,3/16/2021 4:50,926.31,not completed,card
1954,5062,2908,3/6/2021 23:43,229.13,pending,card
1955,2495,1775,5/22/2021 3:52,100.53,pending,cash
1956,6851,1735,7/23/2021 23:24,974.03,pending,cash
1957,9659,7015,3/23/2021 2:41,833.93,not completed,apple pay
1958,2494,7069,7/29/2021 21:29,905.16,completed,card
1959,7048,8644,12/18/2020 7:41,658.94,pending,cash
1960,5155,2568,6/29/2021 11:37,157.62,not completed,apple pay
1961,1496,1429,3/5/2021 15:29,455.05,pending,apple pay
1962,4383,3428,9/15/2021 3:34,915.88,pending,card
1963,9562,5587,12/31/2020 20:14,44.12,completed,apple pay
1964,1331,3198,9/19/2021 20:41,177.4,completed,cash
1965,6872,3487,2/20/2021 8:52,101.76,completed,cash
1966,6844,6001,3/5/2021 0:19,389.61,completed,apple pay
1967,1196,4314,3/6/2021 10:02,630.35,not completed,cash
1968,2469,6022,3/29/2021 17:46,453.45,not completed,card
1969,2330,9572,3/28/2021 0:13,430.51,pending,cash
1970,4365,4245,3/5/2021 6:53,475.49,completed,cash
1971,4061,3265,6/27/2021 23:05,731.21,pending,apple pay
1972,2922,3221,12/13/2020 14:47,839.73,pending,apple pay
1973,6482,7039,8/16/2021 17:38,100.18,completed,cash
1974,9664,5559,6/10/2021 15:57,722.73,completed,cash
1975,3917,1889,11/22/2020 21:47,895.6,pending,card
1976,2957,5353,10/4/2021 9:24,648.99,not completed,apple pay
1977,9736,3455,3/22/2021 21:10,647.34,pending,apple pay
1978,6111,6539,2/5/2021 18:50,564.24,not completed,cash
1979,1648,4080,9/15/2021 14:50,929.59,not completed,cash
1980,6586,8073,1/8/2021 18:58,942.72,pending,apple pay
1981,8450,3002,8/1/2021 23:53,421.03,not completed,cash
1982,9672,3118,8/17/2021 6:49,881.12,completed,apple pay
1983,4659,2736,10/6/2021 0:53,901.9,completed,cash
1984,6138,8011,2/22/2021 15:18,374.36,completed,cash
1985,6017,1323,11/25/2020 22:16,782.6,not completed,cash
1986,1988,8050,5/28/2021 15:51,80.49,not completed,card
1987,8518,8403,2/6/2021 3:45,874.87,not completed,cash
1988,9608,8210,12/21/2020 4:09,768.52,pending,apple pay
1989,3649,8076,10/21/2021 5:44,705.59,pending,apple pay
1990,2599,4885,5/26/2021 18:16,157.08,not completed,cash
1991,8689,6504,10/12/2021 1:23,901.73,pending,apple pay
1992,5665,8048,8/2/2021 4:20,655.06,pending,apple pay
1993,1718,5948,12/17/2020 18:08,741.32,not completed,card
1994,1305,8634,8/31/2021 4:46,472.68,pending,cash
1995,8858,6048,3/5/2021 15:30,466.66,not completed,cash
1996,9634,9893,10/30/2021 10:36,829.41,pending,apple pay
1997,4341,9076,4/15/2021 4:57,493.48,completed,apple pay
1998,5028,6633,11/24/2020 17:30,941.81,not completed,apple pay
1999,4064,4260,5/31/2021 17:36,824.41,not completed,card
